Unnamed: 0,Player,Salary,Position,Age,Team,GP,GS,MP,FG,FGA,FG%,3P,3PA,3P%,2P,2PA,2P%,eFG%,FT,FTA,FT%,ORB,DRB,TRB,AST,STL,BLK,TOV,PF,PTS,Player-additional,PERSON_ID,FIRST_NAME,LAST_NAME,DISPLAY_LAST_COMMA_FIRST,DISPLAY_FI_LAST,PLAYER_SLUG,BIRTHDATE,SCHOOL,COUNTRY,LAST_AFFILIATION,HEIGHT,WEIGHT,SEASON_EXP,JERSEY,POSITION,ROSTERSTATUS,GAMES_PLAYED_CURRENT_SEASON_FLAG,TEAM_ID,TEAM_NAME,TEAM_ABBREVIATION,TEAM_CODE,TEAM_CITY,PLAYERCODE,FROM_YEAR,TO_YEAR,DLEAGUE_FLAG,NBA_FLAG,GAMES_PLAYED_FLAG,DRAFT_YEAR,DRAFT_ROUND,DRAFT_NUMBER,GREATEST_75_FLAG
0,Stephen Curry,48070014,PG,34,GSW,56,56,34.7,10.0,20.2,0.493,4.9,11.4,0.427,5.1,8.8,0.579,0.614,4.6,5.0,0.915,0.7,5.4,6.1,6.3,0.9,0.4,3.2,2.1,29.4,curryst01,201939,Stephen,Curry,"Curry, Stephen",S. Curry,stephen-curry,1988-03-14T00:00:00,Davidson,USA,Davidson/USA,6-2,185,16,30,Guard,Active,Y,1610612744,Warriors,GSW,warriors,Golden State,stephen_curry,2009,2025,N,Y,Y,2009,1,7,Y
1,John Wall,47345760,PG,32,LAC,34,3,22.2,4.1,9.9,0.408,1.0,3.2,0.303,3.1,6.7,0.459,0.457,2.3,3.3,0.681,0.4,2.3,2.7,5.2,0.8,0.4,2.4,1.7,11.4,walljo01,202322,John,Wall,"Wall, John",J. Wall,john-wall,1990-09-06T00:00:00,Kentucky,USA,Kentucky/USA,6-3,210,11,,Guard,Inactive,N,0,,,,,john_wall,2010,2022,N,Y,Y,2010,1,1,N
2,Russell Westbrook,47080179,PG,34,LAL/LAC,73,24,29.1,5.9,13.6,0.436,1.2,3.9,0.311,4.7,9.7,0.487,0.481,2.8,4.3,0.656,1.2,4.6,5.8,7.5,1.0,0.5,3.5,2.2,15.9,westbru01,201566,Russell,Westbrook,"Westbrook, Russell",R. Westbrook,russell-westbrook,1988-11-12T00:00:00,UCLA,USA,UCLA/USA,6-4,200,17,18,Guard,Active,Y,1610612758,Kings,SAC,kings,Sacramento,russell_westbrook,2008,2025,N,Y,Y,2008,1,4,Y
3,LeBron James,44474988,PF,38,LAL,55,54,35.5,11.1,22.2,0.5,2.2,6.9,0.321,8.9,15.3,0.58,0.549,4.6,5.9,0.768,1.2,7.1,8.3,6.8,0.9,0.6,3.2,1.6,28.9,jamesle01,2544,LeBron,James,"James, LeBron",L. James,lebron-james,1984-12-30T00:00:00,St. Vincent-St. Mary HS (OH),USA,St. Vincent-St. Mary HS (OH)/USA,6-9,250,22,23,Forward,Active,Y,1610612747,Lakers,LAL,lakers,Los Angeles,lebron_james,2003,2025,N,Y,Y,2003,1,1,Y
4,Kevin Durant,44119845,PF,34,BRK/PHO,47,47,35.6,10.3,18.3,0.56,2.0,4.9,0.404,8.3,13.4,0.617,0.614,6.5,7.1,0.919,0.4,6.3,6.7,5.0,0.7,1.4,3.3,2.1,29.1,duranke01,201142,Kevin,Durant,"Durant, Kevin",K. Durant,kevin-durant,1988-09-29T00:00:00,Texas,USA,Texas/USA,6-11,240,18,7,Forward,Active,Y,1610612745,Rockets,HOU,rockets,Houston,kevin_durant,2007,2025,N,Y,Y,2007,1,2,Y
5,Bradley Beal,43279250,SG,29,WAS,50,50,33.5,8.9,17.6,0.506,1.6,4.4,0.365,7.3,13.2,0.552,0.551,3.8,4.6,0.842,0.8,3.1,3.9,5.4,0.9,0.7,2.9,2.1,23.2,bealbr01,203078,Bradley,Beal,"Beal, Bradley",B. Beal,bradley-beal,1993-06-28T00:00:00,Florida,USA,Florida/USA,6-4,207,13,0,Guard,Active,Y,1610612746,Clippers,LAC,clippers,LA,bradley_beal,2012,2025,N,Y,Y,2012,1,3,N
6,Kawhi Leonard,42492492,SF,31,LAC,52,50,33.6,8.6,16.8,0.512,2.0,4.8,0.416,6.6,11.9,0.551,0.572,4.7,5.4,0.871,1.1,5.4,6.5,3.9,1.4,0.5,1.7,1.6,23.8,leonaka01,202695,Kawhi,Leonard,"Leonard, Kawhi",K. Leonard,kawhi-leonard,1991-06-29T00:00:00,San Diego State,USA,San Diego State/USA,6-6,225,14,2,Forward,Active,Y,1610612746,Clippers,LAC,clippers,LA,kawhi_leonard,2011,2025,N,Y,Y,2011,1,15,Y
7,Paul George,42492492,SF,32,LAC,56,56,34.6,8.2,17.9,0.457,2.8,7.6,0.371,5.4,10.3,0.521,0.536,4.6,5.3,0.871,0.8,5.3,6.1,5.1,1.5,0.4,3.1,2.8,23.8,georgpa01,202331,Paul,George,"George, Paul",P. George,paul-george,1990-05-02T00:00:00,Fresno State,USA,Fresno State/USA,6-8,230,15,8,Forward,Active,Y,1610612755,76ers,PHI,sixers,Philadelphia,paul_george,2010,2025,N,Y,Y,2010,1,10,N
8,Giannis Antetokounmpo,42492492,PF,28,MIL,63,63,32.1,11.2,20.3,0.553,0.7,2.7,0.275,10.5,17.6,0.596,0.572,7.9,12.3,0.645,2.2,9.6,11.8,5.7,0.8,0.8,3.9,3.1,31.1,antetgi01,203507,Giannis,Antetokounmpo,"Antetokounmpo, Giannis",G. Antetokounmpo,giannis-antetokounmpo,1994-12-06T00:00:00,Filathlitikos,Greece,Filathlitikos/Greece,6-11,243,12,34,Forward,Active,Y,1610612749,Bucks,MIL,bucks,Milwaukee,giannis_antetokounmpo,2013,2025,N,Y,Y,2013,1,15,Y
9,Damian Lillard,42492492,PG,32,POR,58,58,36.3,9.6,20.7,0.463,4.2,11.3,0.371,5.4,9.4,0.574,0.564,8.8,9.6,0.914,0.8,4.0,4.8,7.3,0.9,0.3,3.3,1.9,32.2,lillada01,203081,Damian,Lillard,"Lillard, Damian",D. Lillard,damian-lillard,1990-07-15T00:00:00,Weber State,USA,Weber State/USA,6-2,200,13,0,Guard,Active,N,1610612757,Trail Blazers,POR,blazers,Portland,damian_lillard,2012,2025,N,Y,Y,2012,1,6,Y
10,Klay Thompson,40600080,SF,32,GSW,69,69,33.0,7.9,18.1,0.436,4.4,10.6,0.412,3.6,7.6,0.47,0.556,1.7,1.9,0.879,0.6,3.6,4.1,2.4,0.7,0.4,1.8,1.9,21.9,thompkl01,202691,Klay,Thompson,"Thompson, Klay",K. Thompson,klay-thompson,1990-02-08T00:00:00,Washington State,USA,Washington State/USA,6-5,220,14,31,Guard,Active,Y,1610612742,Mavericks,DAL,mavericks,Dallas,klay_thompson,2011,2025,N,Y,Y,2011,1,11,N
11,Kyrie Irving,38917057,PG-SG,30,BRK/DAL,60,60,37.4,9.9,20.1,0.494,3.1,8.3,0.379,6.8,11.8,0.574,0.572,4.1,4.6,0.905,1.0,4.1,5.1,5.5,1.1,0.8,2.1,2.8,27.1,irvinky01,202681,Kyrie,Irving,"Irving, Kyrie",K. Irving,kyrie-irving,1992-03-23T00:00:00,Duke,Australia,Duke/Australia,6-2,195,14,11,Guard,Active,N,1610612742,Mavericks,DAL,mavericks,Dallas,kyrie_irving,2011,2025,N,Y,Y,2011,1,1,N
12,Rudy Gobert,38172414,C,30,MIN,70,70,30.7,5.1,7.8,0.659,0.0,0.0,0.0,5.1,7.8,0.663,0.659,3.1,4.9,0.644,3.3,8.3,11.6,1.2,0.8,1.4,1.7,3.0,13.4,goberru01,203497,Rudy,Gobert,"Gobert, Rudy",R. Gobert,rudy-gobert,1992-06-26T00:00:00,Cholet,France,Cholet/France,7-1,258,12,27,Center,Active,Y,1610612750,Timberwolves,MIN,timberwolves,Minnesota,rudy_gobert,2013,2025,Y,Y,Y,2013,1,27,N
13,Khris Middleton,37984276,SF,31,MIL,33,19,24.3,5.4,12.3,0.436,1.5,4.9,0.315,3.8,7.4,0.516,0.499,2.8,3.1,0.902,0.8,3.4,4.2,4.9,0.7,0.2,2.2,2.1,15.1,middlkh01,203114,Khris,Middleton,"Middleton, Khris",K. Middleton,khris-middleton,1991-08-12T00:00:00,Texas A&M,USA,Texas A&M/USA,6-7,222,13,20,Forward,Active,Y,1610612742,Mavericks,DAL,mavericks,Dallas,khris_middleton,2012,2025,Y,Y,Y,2012,2,39,N
14,Anthony Davis,37980720,C,29,LAL,56,54,34.0,9.7,17.2,0.563,0.3,1.3,0.257,9.3,15.9,0.589,0.573,6.2,7.9,0.784,3.5,9.1,12.5,2.6,1.1,2.0,2.2,2.6,25.9,davisan02,203076,Anthony,Davis,"Davis, Anthony",A. Davis,anthony-davis,1993-03-11T00:00:00,Kentucky,USA,Kentucky/USA,6-10,253,13,23,Forward-Center,Active,Y,1610612764,Wizards,WAS,wizards,Washington,anthony_davis,2012,2025,N,Y,Y,2012,1,1,Y
16,Tobias Harris,37633050,SF,30,PHI,74,74,32.9,5.7,11.4,0.501,1.7,4.4,0.389,4.0,7.0,0.57,0.575,1.5,1.7,0.876,0.9,4.8,5.7,2.5,0.9,0.5,1.2,2.0,14.7,harrito02,202699,Tobias,Harris,"Harris, Tobias",T. Harris,tobias-harris,1992-07-15T00:00:00,Tennessee,USA,Tennessee/USA,6-8,226,14,12,Forward,Active,Y,1610612765,Pistons,DET,pistons,Detroit,tobias_harris,2011,2025,N,Y,Y,2011,1,19,N
17,Kemba Walker,37281261,PG,32,DAL,9,1,16.0,2.7,6.3,0.421,0.8,3.1,0.25,1.9,3.2,0.586,0.482,1.9,2.3,0.81,0.3,1.4,1.8,2.1,0.2,0.2,0.4,1.2,8.0,walkeke02,202689,Kemba,Walker,"Walker, Kemba",K. Walker,kemba-walker,1990-05-08T00:00:00,Connecticut,USA,Connecticut/USA,6-0,184,12,,Guard,Inactive,N,0,,,,,kemba_walker,2011,2022,N,Y,Y,2011,1,9,N
18,Trae Young,37096500,PG,24,ATL,73,73,34.8,8.2,19.0,0.429,2.1,6.3,0.335,6.1,12.7,0.476,0.485,7.8,8.8,0.886,0.8,2.2,3.0,10.2,1.1,0.1,4.1,1.4,26.2,youngtr01,1629027,Trae,Young,"Young, Trae",T. Young,trae-young,1998-09-19T00:00:00,Oklahoma,USA,Oklahoma/USA,6-2,164,7,3,Guard,Active,Y,1610612764,Wizards,WAS,wizards,Washington,trae_young,2018,2025,N,Y,Y,2018,1,5,N
19,Zach LaVine,37096500,SG,27,CHI,77,77,35.9,8.7,18.0,0.485,2.6,7.1,0.375,6.1,11.0,0.556,0.558,4.7,5.6,0.848,0.5,3.9,4.5,4.2,0.9,0.2,2.5,2.1,24.8,lavinza01,203897,Zach,LaVine,"LaVine, Zach",Z. LaVine,zach-lavine,1995-03-10T00:00:00,UCLA,USA,UCLA/USA,6-5,200,11,8,Guard,Active,Y,1610612758,Kings,SAC,kings,Sacramento,zach_lavine,2014,2025,N,Y,Y,2014,1,13,N
20,Ben Simmons,35448672,PG,26,BRK,42,33,26.3,3.2,5.6,0.566,0.0,0.0,0.0,3.2,5.5,0.571,0.566,0.6,1.4,0.439,1.0,5.3,6.3,6.1,1.3,0.6,2.3,3.3,6.9,simmobe01,1627732,Ben,Simmons,"Simmons, Ben",B. Simmons,ben-simmons,1996-07-20T00:00:00,Louisiana State,Australia,Louisiana State/Australia,6-10,240,9,25,Guard-Forward,Inactive,N,1610612746,Clippers,LAC,clippers,LA,ben_simmons,2016,2024,N,Y,Y,2016,1,1,N
21,Pascal Siakam,35448672,PF,28,TOR,71,71,37.4,8.9,18.5,0.48,1.3,4.0,0.324,7.6,14.5,0.523,0.515,5.2,6.7,0.774,1.8,6.0,7.8,5.8,0.9,0.5,2.4,3.2,24.2,siakapa01,1627783,Pascal,Siakam,"Siakam, Pascal",P. Siakam,pascal-siakam,1994-04-02T00:00:00,New Mexico State,Cameroon,New Mexico State/Cameroon,6-8,245,9,43,Forward,Active,Y,1610612754,Pacers,IND,pacers,Indiana,pascal_siakam,2016,2025,Y,Y,Y,2016,1,27,N
22,Myles Turner,35096500,C,26,IND,62,62,29.4,6.5,11.8,0.548,1.5,4.0,0.373,5.0,7.8,0.638,0.612,3.5,4.5,0.783,1.4,6.1,7.5,1.4,0.6,2.3,1.7,3.5,18.0,turnemy01,1626167,Myles,Turner,"Turner, Myles",M. Turner,myles-turner,1996-03-24T00:00:00,Texas,USA,Texas/USA,6-11,250,10,3,Center-Forward,Active,Y,1610612749,Bucks,MIL,bucks,Milwaukee,myles_turner,2015,2025,N,Y,Y,2015,1,11,N
23,Jrue Holiday,34319520,PG,32,MIL,67,65,32.6,7.3,15.3,0.479,2.4,6.1,0.384,5.0,9.1,0.542,0.556,2.3,2.6,0.859,1.2,3.9,5.1,7.4,1.2,0.4,2.9,1.7,19.3,holidjr01,201950,Jrue,Holiday,"Holiday, Jrue",J. Holiday,jrue-holiday,1990-06-12T00:00:00,UCLA,USA,UCLA/USA,6-4,220,16,5,Guard,Active,Y,1610612757,Trail Blazers,POR,blazers,Portland,jrue_holiday,2009,2025,N,Y,Y,2009,1,17,N
24,Karl-Anthony Towns,33833400,PF,27,MIN,29,29,33.0,7.3,14.8,0.495,2.1,5.7,0.366,5.2,9.1,0.576,0.565,4.1,4.7,0.874,1.7,6.5,8.1,4.8,0.7,0.6,3.0,3.8,20.8,townska01,1626157,Karl-Anthony,Towns,"Towns, Karl-Anthony",K. Towns,karl-anthony-towns,1995-11-15T00:00:00,Kentucky,USA,Kentucky/USA,7-0,248,10,32,Center-Forward,Active,Y,1610612752,Knicks,NYK,knicks,New York,karl-anthony_towns,2015,2025,N,Y,Y,2015,1,1,N
25,Devin Booker,33833400,SG,26,PHO,53,53,34.6,9.9,20.1,0.494,2.1,6.0,0.351,7.8,14.2,0.554,0.546,5.8,6.8,0.855,0.9,3.7,4.5,5.5,1.0,0.3,2.7,3.0,27.8,bookede01,1626164,Devin,Booker,"Booker, Devin",D. Booker,devin-booker,1996-10-30T00:00:00,Kentucky,USA,Kentucky/USA,6-5,206,10,1,Guard,Active,Y,1610612756,Suns,PHX,suns,Phoenix,devin_booker,2015,2025,N,Y,Y,2015,1,13,N
26,Andrew Wiggins,33616770,SF,27,GSW,37,37,32.2,6.8,14.3,0.473,2.4,6.1,0.396,4.4,8.2,0.53,0.557,1.2,1.9,0.611,1.6,3.4,5.0,2.3,1.2,0.8,1.3,2.9,17.1,wiggian01,203952,Andrew,Wiggins,"Wiggins, Andrew",A. Wiggins,andrew-wiggins,1995-02-23T00:00:00,Kansas,Canada,Kansas/Canada,6-6,197,11,22,Forward,Active,Y,1610612748,Heat,MIA,heat,Miami,andrew_wiggins,2014,2025,N,Y,Y,2014,1,1,N
27,Joel Embiid,33616770,C,28,PHI,66,66,34.6,11.0,20.1,0.548,1.0,3.0,0.33,10.0,17.1,0.587,0.573,10.0,11.7,0.857,1.7,8.4,10.2,4.2,1.0,1.7,3.4,3.1,33.1,embiijo01,203954,Joel,Embiid,"Embiid, Joel",J. Embiid,joel-embiid,1994-03-16T00:00:00,Kansas,Cameroon,Kansas/Cameroon,7-0,270,9,21,Center-Forward,Active,Y,1610612755,76ers,PHI,sixers,Philadelphia,joel_embiid,2014,2025,N,Y,Y,2014,1,3,N
28,CJ McCollum,33333333,SG,31,NOP,75,75,35.3,7.8,17.9,0.437,2.8,7.2,0.389,5.0,10.7,0.469,0.515,2.4,3.2,0.769,0.7,3.6,4.4,5.7,0.9,0.5,2.4,2.0,20.9,mccolcj01,203468,CJ,McCollum,"McCollum, CJ",C. McCollum,cj-mccollum,1991-09-19T00:00:00,Lehigh,USA,Lehigh/USA,6-3,190,12,3,Guard,Active,Y,1610612737,Hawks,ATL,hawks,Atlanta,cj_mccollum,2013,2025,Y,Y,Y,2013,1,10,N
29,James Harden,33000000,PG,33,PHI,58,58,36.8,6.4,14.5,0.441,2.8,7.2,0.385,3.6,7.3,0.495,0.536,5.4,6.2,0.867,0.7,5.4,6.1,10.7,1.2,0.5,3.4,1.9,21.0,hardeja01,201935,James,Harden,"Harden, James",J. Harden,james-harden,1989-08-26T00:00:00,Arizona State,USA,Arizona State/USA,6-5,220,16,1,Guard,Active,Y,1610612739,Cavaliers,CLE,cavaliers,Cleveland,james_harden,2009,2025,N,Y,Y,2009,1,3,Y
30,Jamal Murray,31650600,PG,25,DEN,65,65,32.8,7.3,16.0,0.454,2.6,6.6,0.398,4.6,9.4,0.494,0.537,2.8,3.3,0.833,0.7,3.2,4.0,6.2,1.0,0.2,2.2,1.6,20.0,murraja01,1627750,Jamal,Murray,"Murray, Jamal",J. Murray,jamal-murray,1997-02-23T00:00:00,Kentucky,Canada,Kentucky/Canada,6-4,215,9,27,Guard,Active,Y,1610612743,Nuggets,DEN,nuggets,Denver,jamal_murray,2016,2025,N,Y,Y,2016,1,7,N
31,Brandon Ingram,31650600,SF,25,NOP,45,45,34.2,9.0,18.6,0.484,1.4,3.6,0.39,7.6,14.9,0.507,0.522,5.3,6.0,0.882,0.5,5.0,5.5,5.8,0.7,0.4,3.3,2.6,24.7,ingrabr01,1627742,Brandon,Ingram,"Ingram, Brandon",B. Ingram,brandon-ingram,1997-09-02T00:00:00,Duke,USA,Duke/USA,6-8,190,9,3,Forward,Active,Y,1610612761,Raptors,TOR,raptors,Toronto,brandon_ingram,2016,2025,N,Y,Y,2016,1,2,N
32,D'Angelo Russell,31377750,PG,26,LAL/MIN,71,71,32.5,6.3,13.4,0.469,2.7,6.9,0.396,3.5,6.5,0.548,0.572,2.5,3.0,0.829,0.5,2.5,3.0,6.2,1.0,0.4,2.6,2.0,17.8,russeda01,1626156,D'Angelo,Russell,"Russell, D'Angelo",D. Russell,dangelo-russell,1996-02-23T00:00:00,Ohio State,USA,Ohio State/USA,6-3,193,10,5,Guard,Active,Y,1610612764,Wizards,WAS,wizards,Washington,d'angelo_russell,2015,2025,N,Y,Y,2015,1,2,N
33,Donovan Mitchell,30913750,SG,26,CLE,68,68,35.8,10.0,20.6,0.484,3.6,9.3,0.386,6.4,11.3,0.566,0.572,4.7,5.4,0.867,0.9,3.3,4.3,4.4,1.5,0.4,2.6,2.5,28.3,mitchdo01,1628378,Donovan,Mitchell,"Mitchell, Donovan",D. Mitchell,donovan-mitchell,1996-09-07T00:00:00,Louisville,USA,Louisville/USA,6-2,215,8,45,Guard,Active,Y,1610612739,Cavaliers,CLE,cavaliers,Cleveland,donovan_mitchell,2017,2025,N,Y,Y,2017,1,13,N
34,Shai Gilgeous-Alexander,30913750,PG,24,OKC,68,68,35.5,10.4,20.3,0.51,0.9,2.5,0.345,9.5,17.8,0.533,0.531,9.8,10.9,0.905,0.9,4.0,4.8,5.5,1.6,1.0,2.8,2.8,31.4,gilgesh01,1628983,Shai,Gilgeous-Alexander,"Gilgeous-Alexander, Shai",S. Gilgeous-Alexander,shai-gilgeous-alexander,1998-07-12T00:00:00,Kentucky,Canada,Kentucky/Canada,6-6,195,7,2,Guard,Active,Y,1610612760,Thunder,OKC,thunder,Oklahoma City,shai_gilgeous-alexander,2018,2025,N,Y,Y,2018,1,11,N
35,Deandre Ayton,30913750,C,24,PHO,67,67,30.4,7.8,13.2,0.589,0.1,0.4,0.292,7.7,12.9,0.597,0.592,2.3,3.0,0.76,2.6,7.4,10.0,1.7,0.6,0.8,1.8,2.8,18.0,aytonde01,1629028,Deandre,Ayton,"Ayton, Deandre",D. Ayton,deandre-ayton,1998-07-23T00:00:00,Arizona,Bahamas,Arizona/Bahamas,7-0,252,7,5,Center,Active,Y,1610612747,Lakers,LAL,lakers,Los Angeles,deandre_ayton,2018,2025,N,Y,Y,2018,1,1,N
36,Kevin Love,30556968,PF,34,CLE/MIA,62,20,20.0,2.7,6.8,0.389,1.6,4.8,0.334,1.1,2.1,0.516,0.506,1.3,1.5,0.879,1.0,5.5,6.4,1.9,0.3,0.2,1.1,1.6,8.2,loveke01,201567,Kevin,Love,"Love, Kevin",K. Love,kevin-love,1988-09-07T00:00:00,UCLA,USA,UCLA/USA,6-10,251,17,42,Forward-Center,Active,Y,1610612762,Jazz,UTA,jazz,Utah,kevin_love,2008,2025,N,Y,Y,2008,1,5,N
37,Jayson Tatum,30351780,SF,24,BOS,74,74,36.9,9.8,21.1,0.466,3.2,9.3,0.35,6.6,11.8,0.558,0.543,7.2,8.4,0.854,1.1,7.7,8.8,4.6,1.1,0.7,2.9,2.2,30.1,tatumja01,1628369,Jayson,Tatum,"Tatum, Jayson",J. Tatum,jayson-tatum,1998-03-03T00:00:00,Duke,USA,Duke/USA,6-8,210,8,0,Forward-Guard,Active,Y,1610612738,Celtics,BOS,celtics,Boston,jayson_tatum,2017,2025,N,Y,Y,2017,1,3,N
38,Bam Adebayo,30351780,C,25,MIA,75,75,34.6,8.0,14.9,0.54,0.0,0.2,0.083,8.0,14.7,0.545,0.541,4.3,5.4,0.806,2.5,6.7,9.2,3.2,1.2,0.8,2.5,2.8,20.4,adebaba01,1628389,Bam,Adebayo,"Adebayo, Bam",B. Adebayo,bam-adebayo,1997-07-18T00:00:00,Kentucky,USA,Kentucky/USA,6-9,255,8,13,Center-Forward,Active,Y,1610612748,Heat,MIA,heat,Miami,bam_adebayo,2017,2025,N,Y,Y,2017,1,14,N
39,De'Aaron Fox,30351780,PG,25,SAC,73,73,33.4,9.3,18.2,0.512,1.6,5.0,0.324,7.7,13.2,0.584,0.557,4.7,6.0,0.78,0.5,3.6,4.2,6.1,1.1,0.3,2.5,2.4,25.0,foxde01,1628368,De'Aaron,Fox,"Fox, De'Aaron",D. Fox,deaaron-fox,1997-12-20T00:00:00,Kentucky,USA,Kentucky/USA,6-3,185,8,4,Guard,Active,Y,1610612759,Spurs,SAS,spurs,San Antonio,de'aaron_fox,2017,2025,N,Y,Y,2017,1,5,N
40,Gordon Hayward,30075000,SF,32,CHO,50,50,31.5,5.5,11.6,0.475,1.0,3.2,0.325,4.5,8.4,0.532,0.52,2.6,3.2,0.811,0.7,3.6,4.3,4.1,0.8,0.2,2.0,1.4,14.7,haywago01,202330,Gordon,Hayward,"Hayward, Gordon",G. Hayward,gordon-hayward,1990-03-23T00:00:00,Butler,USA,Butler/USA,6-7,225,15,33,Forward,Inactive,N,1610612760,Thunder,OKC,thunder,Oklahoma City,gordon_hayward,2010,2023,N,Y,Y,2010,1,9,N
41,Jaylen Brown,29776785,SF,26,BOS,67,67,35.9,10.1,20.6,0.491,2.4,7.3,0.335,7.7,13.4,0.576,0.55,3.9,5.1,0.765,1.2,5.7,6.9,3.5,1.1,0.4,2.9,2.6,26.6,brownja02,1627759,Jaylen,Brown,"Brown, Jaylen",J. Brown,jaylen-brown,1996-10-24T00:00:00,California,USA,California/USA,6-6,223,9,7,Guard-Forward,Active,Y,1610612738,Celtics,BOS,celtics,Boston,jaylen_brown,2016,2025,N,Y,Y,2016,1,3,N
42,Chris Paul,28400000,PG,37,PHO,59,59,32.0,5.0,11.3,0.44,1.7,4.4,0.375,3.3,6.9,0.482,0.513,2.3,2.7,0.831,0.5,3.8,4.3,8.9,1.5,0.4,1.9,2.1,13.9,paulch01,101108,Chris,Paul,"Paul, Chris",C. Paul,chris-paul,1985-05-06T00:00:00,Wake Forest,USA,Wake Forest/USA,6-0,175,20,,Guard,Inactive,Y,0,,,,,chris_paul,2005,2025,N,Y,Y,2005,1,4,Y
43,Kyle Lowry,28333334,PG,36,MIA,55,44,31.2,3.6,8.8,0.404,1.9,5.6,0.345,1.6,3.2,0.509,0.514,2.1,2.5,0.859,0.8,3.3,4.1,5.1,1.0,0.4,1.9,2.6,11.2,lowryky01,200768,Kyle,Lowry,"Lowry, Kyle",K. Lowry,kyle-lowry,1986-03-25T00:00:00,Villanova,USA,Villanova/USA,6-0,196,19,7,Guard,Active,Y,1610612755,76ers,PHI,sixers,Philadelphia,kyle_lowry,2006,2025,N,Y,Y,2006,1,24,N
44,Jalen Brunson,27733332,PG,26,NYK,68,68,35.0,8.6,17.6,0.491,2.0,4.7,0.416,6.7,12.8,0.519,0.547,4.8,5.8,0.829,0.6,3.0,3.5,6.2,0.9,0.2,2.1,2.2,24.0,brunsja01,1628973,Jalen,Brunson,"Brunson, Jalen",J. Brunson,jalen-brunson,1996-08-31T00:00:00,Villanova,USA,Villanova/USA,6-2,190,7,11,Guard,Active,Y,1610612752,Knicks,NYK,knicks,New York,jalen_brunson,2018,2025,N,Y,Y,2018,2,33,N
45,DeMar DeRozan,27300000,SF,33,CHI,74,74,36.2,8.9,17.6,0.504,0.6,1.9,0.324,8.3,15.7,0.526,0.522,6.2,7.1,0.872,0.5,4.2,4.6,5.1,1.1,0.5,2.1,2.5,24.5,derozde01,201942,DeMar,DeRozan,"DeRozan, DeMar",D. DeRozan,demar-derozan,1989-08-07T00:00:00,Southern California,USA,Southern California/USA,6-6,220,16,10,Guard-Forward,Active,Y,1610612758,Kings,SAC,kings,Sacramento,demar_derozan,2009,2025,N,Y,Y,2009,1,9,N
46,Al Horford,26500000,C,36,BOS,63,63,30.5,3.6,7.6,0.476,2.3,5.2,0.446,1.3,2.4,0.539,0.627,0.2,0.3,0.714,1.2,5.0,6.2,3.0,0.5,1.0,0.6,1.9,9.8,horfoal01,201143,Al,Horford,"Horford, Al",A. Horford,al-horford,1986-06-03T00:00:00,Florida,Dominican Republic,Florida/Dominican Republic,6-8,240,18,20,Center-Forward,Active,Y,1610612744,Warriors,GSW,warriors,Golden State,al_horford,2007,2025,N,Y,Y,2007,1,3,N
47,Draymond Green,25806468,PF,32,GSW,73,73,31.5,3.4,6.5,0.527,0.5,1.8,0.305,2.9,4.7,0.612,0.57,1.1,1.5,0.713,0.9,6.3,7.2,6.8,1.0,0.8,2.8,3.1,8.5,greendr01,203110,Draymond,Green,"Green, Draymond",D. Green,draymond-green,1990-03-04T00:00:00,Michigan State,USA,Michigan State/USA,6-6,230,13,23,Forward,Active,Y,1610612744,Warriors,GSW,warriors,Golden State,draymond_green,2012,2025,N,Y,Y,2012,2,35,N
48,Julius Randle,23760000,PF,28,NYK,77,77,35.5,8.5,18.6,0.459,2.8,8.3,0.343,5.7,10.3,0.553,0.536,5.2,6.9,0.757,1.8,8.1,10.0,4.1,0.6,0.3,2.8,3.0,25.1,randlju01,203944,Julius,Randle,"Randle, Julius",J. Randle,julius-randle,1994-11-29T00:00:00,Kentucky,USA,Kentucky/USA,6-9,250,11,30,Forward-Center,Active,Y,1610612750,Timberwolves,MIN,timberwolves,Minnesota,julius_randle,2014,2025,N,Y,Y,2014,1,7,N
49,John Collins,23500000,PF,25,ATL,71,71,30.0,5.1,10.0,0.508,1.0,3.4,0.292,4.1,6.6,0.619,0.557,2.0,2.5,0.803,1.1,5.4,6.5,1.2,0.6,1.0,1.1,3.1,13.1,collijo01,1628381,John,Collins,"Collins, John",J. Collins,john-collins,1997-09-23T00:00:00,Wake Forest,USA,Wake Forest/USA,6-9,226,8,20,Forward-Center,Active,Y,1610612746,Clippers,LAC,clippers,LA,john_collins,2017,2025,N,Y,Y,2017,1,19,N
50,Mike Conley,22680000,PG,35,MIN/UTA,67,66,30.3,3.9,9.1,0.428,2.0,5.2,0.385,1.9,3.9,0.486,0.539,2.1,2.5,0.834,0.5,2.2,2.7,6.7,1.1,0.2,1.5,2.1,11.9,conlemi01,201144,Mike,Conley,"Conley, Mike",M. Conley,mike-conley,1987-10-11T00:00:00,Ohio State,USA,Ohio State/USA,6-1,175,18,10,Guard,Active,Y,1610612750,Timberwolves,MIN,timberwolves,Minnesota,mike_conley,2007,2025,N,Y,Y,2007,1,4,N
51,Malcolm Brogdon,22600000,PG,30,BOS,67,0,26.0,5.3,10.9,0.484,2.0,4.4,0.444,3.3,6.5,0.51,0.574,2.4,2.7,0.87,0.6,3.6,4.2,3.7,0.7,0.3,1.5,1.6,14.9,brogdma01,1627763,Malcolm,Brogdon,"Brogdon, Malcolm",M. Brogdon,malcolm-brogdon,1992-12-11T00:00:00,Virginia,USA,Virginia/USA,6-4,229,10,15,Guard,Inactive,Y,1610612764,Wizards,WAS,wizards,Washington,malcolm_brogdon,2016,2024,N,Y,Y,2016,2,36,N
52,Anfernee Simons,22321429,SG,23,POR,62,62,35.0,7.5,16.9,0.447,3.4,9.1,0.377,4.1,7.8,0.528,0.548,2.6,2.9,0.894,0.3,2.3,2.6,4.1,0.7,0.2,2.1,2.3,21.1,simonan01,1629014,Anfernee,Simons,"Simons, Anfernee",A. Simons,anfernee-simons,1999-06-08T00:00:00,Edgewater HS (FL),USA,Edgewater HS (FL)/USA,6-3,200,7,22,Guard,Active,Y,1610612741,Bulls,CHI,bulls,Chicago,anfernee_simons,2018,2025,Y,Y,Y,2018,1,24,N
53,Terry Rozier,21486316,SG,28,CHO,63,63,35.3,7.8,18.9,0.415,2.6,8.0,0.327,5.2,10.8,0.48,0.484,2.8,3.5,0.809,0.8,3.3,4.1,5.1,1.2,0.3,2.1,1.9,21.1,roziete01,1626179,Terry,Rozier,"Rozier, Terry",T. Rozier,terry-rozier,1994-03-17T00:00:00,Louisville,USA,Louisville/USA,6-1,190,11,2,Guard,Inactive,Y,1610612748,Heat,MIA,heat,Miami,terry_rozier,2015,2024,Y,Y,Y,2015,1,16,N
54,Fred VanVleet,21250000,PG,28,TOR,69,69,36.7,6.3,16.1,0.393,3.0,8.8,0.342,3.3,7.3,0.455,0.486,3.7,4.1,0.898,0.4,3.6,4.1,7.2,1.8,0.6,2.0,2.8,19.3,vanvlfr01,1627832,Fred,VanVleet,"VanVleet, Fred",F. VanVleet,fred-vanvleet,1994-02-25T00:00:00,Wichita State,USA,Wichita State/USA,6-0,197,9,5,Guard,Active,N,1610612745,Rockets,HOU,rockets,Houston,fred_vanvleet,2016,2025,Y,Y,Y,Undrafted,Undrafted,Undrafted,N
55,Buddy Hield,21177750,SF,30,IND,80,73,31.0,5.9,13.0,0.458,3.6,8.5,0.425,2.3,4.5,0.518,0.596,1.3,1.6,0.822,0.8,4.2,5.0,2.8,1.2,0.3,1.7,2.0,16.8,hieldbu01,1627741,Buddy,Hield,"Hield, Buddy",B. Hield,buddy-hield,1992-12-17T00:00:00,Oklahoma,Bahamas,Oklahoma/Bahamas,6-4,220,9,8,Guard,Active,Y,1610612737,Hawks,ATL,hawks,Atlanta,buddy_hield,2016,2025,N,Y,Y,2016,1,6,N
56,Domantas Sabonis,21100000,C,26,SAC,79,79,34.6,7.3,11.9,0.615,0.4,1.1,0.373,6.9,10.8,0.639,0.632,4.1,5.5,0.742,3.2,9.1,12.3,7.3,0.8,0.5,2.9,3.5,19.1,sabondo01,1627734,Domantas,Sabonis,"Sabonis, Domantas",D. Sabonis,domantas-sabonis,1996-05-03T00:00:00,Gonzaga,Lithuania,Gonzaga/Lithuania,6-10,240,9,11,Forward-Center,Active,Y,1610612758,Kings,SAC,kings,Sacramento,domantas_sabonis,2016,2025,N,Y,Y,2016,1,11,N
57,Jerami Grant,20955000,PF,28,POR,63,63,35.7,6.9,14.5,0.475,2.3,5.7,0.401,4.6,8.8,0.523,0.554,4.4,5.4,0.813,0.8,3.7,4.5,2.4,0.8,0.8,1.8,2.4,20.5,grantje01,203924,Jerami,Grant,"Grant, Jerami",J. Grant,jerami-grant,1994-03-12T00:00:00,Syracuse,USA,Syracuse/USA,6-7,213,11,9,Forward,Active,Y,1610612757,Trail Blazers,POR,blazers,Portland,jerami_grant,2014,2025,N,Y,Y,2014,2,39,N
58,Aaron Gordon,20690909,PF,27,DEN,68,68,30.2,6.3,11.2,0.564,0.9,2.5,0.347,5.4,8.6,0.628,0.603,2.8,4.6,0.608,2.4,4.1,6.6,3.0,0.8,0.8,1.4,1.9,16.3,gordoaa01,203932,Aaron,Gordon,"Gordon, Aaron",A. Gordon,aaron-gordon,1995-09-16T00:00:00,Arizona,USA,Arizona/USA,6-8,235,11,32,Forward,Active,Y,1610612743,Nuggets,DEN,nuggets,Denver,aaron_gordon,2014,2025,N,Y,Y,2014,1,4,N
59,Mikal Bridges,20100000,SF-SG,26,BRK/PHO,83,83,35.7,7.1,15.3,0.468,2.0,5.3,0.382,5.1,9.9,0.514,0.535,3.8,4.3,0.895,1.0,3.4,4.4,3.3,1.1,0.7,1.5,1.9,20.1,bridgmi01,1628969,Mikal,Bridges,"Bridges, Mikal",M. Bridges,mikal-bridges,1996-08-30T00:00:00,Villanova,USA,Villanova/USA,6-6,209,7,25,Guard-Forward,Active,Y,1610612752,Knicks,NYK,knicks,New York,mikal_bridges,2018,2025,N,Y,Y,2018,1,10,N
60,Jarrett Allen,20000000,C,24,CLE,68,68,32.6,5.9,9.2,0.644,0.0,0.1,0.1,5.9,9.1,0.653,0.645,2.4,3.3,0.733,3.3,6.5,9.8,1.7,0.8,1.2,1.4,2.3,14.3,allenja01,1628386,Jarrett,Allen,"Allen, Jarrett",J. Allen,jarrett-allen,1998-04-21T00:00:00,Texas,USA,Texas/USA,6-9,243,8,31,Center,Active,Y,1610612739,Cavaliers,CLE,cavaliers,Cleveland,jarrett_allen,2017,2025,N,Y,Y,2017,1,22,N
61,Nicolas Batum,19700319,PF,34,LAC,78,19,21.9,2.1,4.9,0.42,1.6,4.1,0.391,0.5,0.8,0.563,0.583,0.4,0.6,0.708,0.8,3.0,3.8,1.6,0.7,0.6,0.6,1.9,6.1,batumni01,201587,Nicolas,Batum,"Batum, Nicolas",N. Batum,nicolas-batum,1988-12-14T00:00:00,Le Mans,France,Le Mans/France,6-7,230,17,33,Guard-Forward,Active,Y,1610612746,Clippers,LAC,clippers,LA,nicolas_batum,2008,2025,N,Y,Y,2008,1,25,N
62,Eric Gordon,19568360,SG,34,HOU/LAC,69,58,28.5,4.2,9.5,0.446,1.9,5.2,0.371,2.3,4.3,0.535,0.547,2.1,2.5,0.821,0.2,1.7,1.9,2.7,0.6,0.4,1.5,1.1,12.4,gordoer01,201569,Eric,Gordon,"Gordon, Eric",E. Gordon,eric-gordon,1988-12-25T00:00:00,Indiana,USA,Indiana/USA,6-3,215,17,,Guard,Inactive,Y,0,,,,,eric_gordon,2008,2025,N,Y,Y,2008,1,7,N
63,Spencer Dinwiddie,19500000,SG-PG,29,BRK/DAL,79,79,34.5,5.8,13.3,0.438,2.3,6.2,0.369,3.5,7.1,0.498,0.524,3.4,4.2,0.812,0.4,3.1,3.4,6.5,0.8,0.3,1.8,2.4,17.3,dinwisp01,203915,Spencer,Dinwiddie,"Dinwiddie, Spencer",S. Dinwiddie,spencer-dinwiddie,1993-04-06T00:00:00,Colorado,USA,Colorado/USA,6-5,215,12,26,Guard,Inactive,Y,1610612742,Mavericks,DAL,mavericks,Dallas,spencer_dinwiddie,2014,2024,Y,Y,Y,2014,2,38,N
64,Caris LeVert,18796296,SG,28,CLE,74,30,30.2,4.3,10.0,0.431,1.7,4.4,0.392,2.6,5.6,0.462,0.517,1.8,2.4,0.722,0.7,3.1,3.8,3.9,1.0,0.3,1.6,2.3,12.1,leverca01,1627747,Caris,LeVert,"LeVert, Caris",C. LeVert,caris-levert,1994-08-25T00:00:00,Michigan,USA,Michigan/USA,6-7,205,9,8,Guard,Active,Y,1610612765,Pistons,DET,pistons,Detroit,caris_levert,2016,2025,N,Y,Y,2016,1,20,N
65,Joe Harris,18642857,SF,31,BRK,74,33,20.6,2.7,5.9,0.457,1.9,4.5,0.426,0.8,1.4,0.551,0.618,0.2,0.4,0.643,0.3,1.9,2.2,1.4,0.5,0.2,0.6,1.9,7.6,harrijo01,203925,Joe,Harris,"Harris, Joe",J. Harris,joe-harris,1991-09-06T00:00:00,Virginia,USA,Virginia/USA,6-6,220,10,,Guard-Forward,Inactive,N,0,,,,,joe_harris,2014,2023,Y,Y,Y,2014,2,33,N
66,Harrison Barnes,18352273,PF,30,SAC,82,82,32.5,4.6,9.6,0.473,1.6,4.3,0.374,3.0,5.3,0.553,0.556,4.3,5.0,0.847,1.1,3.4,4.5,1.6,0.7,0.1,1.0,1.3,15.0,barneha02,203084,Harrison,Barnes,"Barnes, Harrison",H. Barnes,harrison-barnes,1992-05-30T00:00:00,North Carolina,USA,North Carolina/USA,6-7,225,13,40,Forward,Active,Y,1610612759,Spurs,SAS,spurs,San Antonio,harrison_barnes,2012,2025,N,Y,Y,2012,1,7,N
67,Clint Capela,18206896,C,28,ATL,65,63,26.6,5.4,8.2,0.653,0.0,0.0,0.0,5.4,8.2,0.654,0.653,1.2,2.0,0.603,4.0,7.1,11.0,0.9,0.7,1.2,0.8,2.1,12.0,capelca01,203991,Clint,Capela,"Capela, Clint",C. Capela,clint-capela,1994-05-18T00:00:00,Elan Chalon,Switzerland,Elan Chalon/Switzerland,6-10,256,11,30,Center,Active,Y,1610612745,Rockets,HOU,rockets,Houston,clint_capela,2014,2025,Y,Y,Y,2014,1,25,N
68,Evan Fournier,18000000,SG,30,NYK,27,7,17.0,2.1,6.1,0.337,1.3,4.2,0.307,0.8,1.9,0.404,0.443,0.7,0.8,0.857,0.1,1.7,1.8,1.3,0.6,0.1,0.8,1.7,6.1,fournev01,203095,Evan,Fournier,"Fournier, Evan",E. Fournier,evan-fournier,1992-10-29T00:00:00,Poitiers Basket 86,France,Poitiers Basket 86/France,6-6,205,13,31,Guard-Forward,Inactive,N,1610612765,Pistons,DET,pistons,Detroit,evan_fournier,2012,2023,N,Y,Y,2012,1,20,N
69,Steven Adams,17926829,C,29,MEM,42,42,27.0,3.7,6.3,0.597,0.0,0.0,0.0,3.7,6.2,0.599,0.597,1.1,3.1,0.364,5.1,6.5,11.5,2.3,0.9,1.1,1.9,2.3,8.6,adamsst01,203500,Steven,Adams,"Adams, Steven",S. Adams,steven-adams,1993-07-20T00:00:00,Pittsburgh,New Zealand,Pittsburgh/New Zealand,6-11,265,12,12,Center,Active,Y,1610612745,Rockets,HOU,rockets,Houston,steven_adams,2013,2025,N,Y,Y,2013,1,12,N
70,Jonathan Isaac,17400000,PF,25,ORL,11,0,11.3,2.0,4.8,0.415,0.5,1.4,0.4,1.5,3.5,0.421,0.472,0.5,0.8,0.556,1.4,2.6,4.0,0.5,1.3,0.4,0.4,0.5,5.0,isaacjo01,1628371,Jonathan,Isaac,"Isaac, Jonathan",J. Isaac,jonathan-isaac,1997-10-03T00:00:00,Florida State,USA,Florida State/USA,6-10,230,8,1,Forward,Active,Y,1610612753,Magic,ORL,magic,Orlando,jonathan_isaac,2017,2025,Y,Y,Y,2017,1,6,N
71,OG Anunoby,17357143,SF,25,TOR,67,67,35.6,6.3,13.2,0.476,2.1,5.5,0.387,4.2,7.7,0.539,0.556,2.1,2.5,0.838,1.4,3.5,5.0,2.0,1.9,0.7,2.0,3.0,16.8,anunoog01,1628384,OG,Anunoby,"Anunoby, OG",O. Anunoby,og-anunoby,1997-07-17T00:00:00,Indiana,United Kingdom,Indiana/United Kingdom,6-7,240,8,8,Forward-Guard,Active,Y,1610612752,Knicks,NYK,knicks,New York,og_anunoby,2017,2025,N,Y,Y,2017,1,23,N
72,Marcus Smart,17207142,PG,28,BOS,61,61,32.1,4.1,9.9,0.415,1.9,5.6,0.336,2.2,4.3,0.519,0.511,1.4,1.9,0.746,0.8,2.4,3.1,6.3,1.5,0.4,2.3,2.8,11.5,smartma01,203935,Marcus,Smart,"Smart, Marcus",M. Smart,marcus-smart,1994-03-06T00:00:00,Oklahoma State,USA,Oklahoma State/USA,6-3,220,11,36,Guard,Active,Y,1610612747,Lakers,LAL,lakers,Los Angeles,marcus_smart,2014,2025,Y,Y,Y,2014,1,6,N
73,Derrick White,17142857,SG,28,BOS,82,70,28.3,4.3,9.2,0.462,1.8,4.8,0.381,2.5,4.5,0.548,0.56,2.0,2.3,0.875,0.6,2.9,3.6,3.9,0.7,0.9,1.2,2.2,12.4,whitede01,1628401,Derrick,White,"White, Derrick",D. White,derrick-white,1994-07-02T00:00:00,Colorado,USA,Colorado/USA,6-4,190,8,9,Guard,Active,Y,1610612738,Celtics,BOS,celtics,Boston,derrick_white,2017,2025,Y,Y,Y,2017,1,29,N
74,Dejounte Murray,17071120,SG,26,ATL,74,74,36.4,8.3,17.8,0.464,1.8,5.2,0.344,6.5,12.6,0.514,0.514,2.1,2.6,0.832,0.7,4.5,5.3,6.1,1.5,0.3,2.2,1.4,20.5,murrade01,1627749,Dejounte,Murray,"Murray, Dejounte",D. Murray,dejounte-murray,1996-09-19T00:00:00,Washington,USA,Washington/USA,6-4,180,9,5,Guard,Active,Y,1610612740,Pelicans,NOP,pelicans,New Orleans,dejounte_murray,2016,2025,Y,Y,Y,2016,1,29,N
75,Mitchell Robinson,17045454,C,24,NYK,59,58,27.0,3.2,4.7,0.671,0.0,0.0,,3.2,4.7,0.671,0.671,1.0,2.1,0.484,4.5,4.9,9.4,0.9,0.9,1.8,0.7,2.7,7.4,robinmi01,1629011,Mitchell,Robinson,"Robinson, Mitchell",M. Robinson,mitchell-robinson,1998-04-01T00:00:00,Western Kentucky,USA,Western Kentucky/USA,7-0,240,7,23,Center-Forward,Active,Y,1610612752,Knicks,NYK,knicks,New York,mitchell_robinson,2018,2025,N,Y,Y,2018,2,36,N
76,Duncan Robinson,16902000,SF,28,MIA,42,1,16.5,2.1,5.6,0.371,1.5,4.6,0.328,0.6,1.1,0.556,0.504,0.7,0.8,0.906,0.2,1.5,1.6,1.1,0.3,0.0,0.7,1.8,6.4,robindu01,1629130,Duncan,Robinson,"Robinson, Duncan",D. Robinson,duncan-robinson,1994-04-22T00:00:00,Michigan,USA,Michigan/USA,6-7,215,7,55,Forward,Active,Y,1610612765,Pistons,DET,pistons,Detroit,duncan_robinson,2018,2025,Y,Y,Y,Undrafted,Undrafted,Undrafted,N
77,Norman Powell,16758621,SG,29,LAC,60,8,26.1,5.7,11.8,0.479,1.9,4.8,0.397,3.8,7.1,0.534,0.559,3.8,4.6,0.812,0.4,2.5,2.9,1.8,0.8,0.3,1.7,2.1,17.0,powelno01,1626181,Norman,Powell,"Powell, Norman",N. Powell,norman-powell,1993-05-25T00:00:00,UCLA,USA,UCLA/USA,6-3,215,10,24,Guard,Active,Y,1610612748,Heat,MIA,heat,Miami,norman_powell,2015,2025,Y,Y,Y,2015,2,46,N
78,Collin Sexton,16700000,PG,24,UTA,48,15,23.9,4.9,9.8,0.506,1.0,2.5,0.393,3.9,7.2,0.546,0.558,3.4,4.1,0.819,0.8,1.4,2.2,2.9,0.6,0.1,1.8,2.3,14.3,sextoco01,1629012,Collin,Sexton,"Sexton, Collin",C. Sexton,collin-sexton,1999-01-04T00:00:00,Alabama,USA,Alabama/USA,6-3,190,7,2,Guard,Active,Y,1610612741,Bulls,CHI,bulls,Chicago,collin_sexton,2018,2025,N,Y,Y,2018,1,8,N
79,Markelle Fultz,16500000,PG,24,ORL,60,60,29.6,5.8,11.3,0.514,0.5,1.5,0.31,5.4,9.9,0.544,0.534,1.9,2.4,0.783,1.2,2.8,3.9,5.7,1.5,0.4,2.3,2.2,14.0,fultzma01,1628365,Markelle,Fultz,"Fultz, Markelle",M. Fultz,markelle-fultz,1998-05-29T00:00:00,Washington,USA,Washington/USA,6-4,209,8,,Guard,Inactive,Y,0,,,,,markelle_fultz,2017,2025,Y,Y,Y,2017,1,1,N
80,Lauri Markkanen,16475454,PF,25,UTA,66,66,34.4,8.7,17.3,0.499,3.0,7.7,0.391,5.6,9.6,0.585,0.586,5.3,6.0,0.875,2.0,6.7,8.6,1.9,0.6,0.6,1.9,2.1,25.6,markkla01,1628374,Lauri,Markkanen,"Markkanen, Lauri",L. Markkanen,lauri-markkanen,1997-05-22T00:00:00,Arizona,Finland,Arizona/Finland,7-1,240,8,23,Forward-Center,Active,Y,1610612762,Jazz,UTA,jazz,Utah,lauri_markkanen,2017,2025,N,Y,Y,2017,1,7,N
82,Malik Beasley,15558035,SG,26,LAL/UTA,81,27,25.8,4.6,11.6,0.395,2.9,8.1,0.357,1.7,3.4,0.484,0.52,0.6,0.8,0.769,0.4,3.1,3.5,1.5,0.8,0.1,1.1,1.3,12.7,beaslma01,1627736,Malik,Beasley,"Beasley, Malik",M. Beasley,malik-beasley,1996-11-26T00:00:00,Florida State,USA,Florida State/USA,6-4,187,10,5,Guard,Inactive,N,1610612765,Pistons,DET,pistons,Detroit,malik_beasley,2016,2024,Y,Y,Y,2016,1,19,N
83,Luguentz Dort,15277778,SF,23,OKC,74,73,30.7,4.6,11.8,0.388,1.8,5.5,0.33,2.8,6.3,0.44,0.466,2.7,3.5,0.772,1.7,2.9,4.6,2.1,1.0,0.3,1.2,3.3,13.7,dortlu01,1629652,Luguentz,Dort,"Dort, Luguentz",L. Dort,luguentz-dort,1999-04-19T00:00:00,Arizona State,Canada,Arizona State/Canada,6-4,220,6,5,Guard,Active,Y,1610612760,Thunder,OKC,thunder,Oklahoma City,luguentz_dort,2019,2025,Y,Y,Y,Undrafted,Undrafted,Undrafted,N
84,Will Barton,15059712,SG,32,WAS/TOR,56,2,17.7,2.5,6.5,0.379,1.2,3.2,0.367,1.3,3.3,0.391,0.47,0.7,0.8,0.787,0.3,2.2,2.4,2.0,0.5,0.2,0.9,1.0,6.8,bartowi01,203115,Will,Barton,"Barton, Will",W. Barton,will-barton,1991-01-06T00:00:00,Memphis,USA,Memphis/USA,6-5,181,12,1,Guard,Inactive,N,1610612761,Raptors,TOR,raptors,Toronto,will_barton,2012,2022,Y,Y,Y,2012,2,40,N
85,Tyus Jones,15000000,PG,26,MEM,80,22,24.3,3.9,8.9,0.438,1.5,4.1,0.371,2.4,4.8,0.495,0.523,1.0,1.3,0.8,0.4,2.2,2.5,5.2,1.0,0.1,0.9,0.4,10.3,jonesty01,1626145,Tyus,Jones,"Jones, Tyus",T. Jones,tyus-jones,1996-05-10T00:00:00,Duke,USA,Duke/USA,6-0,196,10,5,Guard,Active,Y,1610612743,Nuggets,DEN,nuggets,Denver,tyus_jones,2015,2025,Y,Y,Y,2015,1,24,N
86,Derrick Rose,14520730,PG,34,NYK,27,0,12.5,2.3,5.9,0.384,0.7,2.3,0.302,1.6,3.6,0.438,0.443,0.4,0.4,0.917,0.3,1.2,1.5,1.7,0.3,0.2,0.8,0.7,5.6,rosede01,201565,Derrick,Rose,"Rose, Derrick",D. Rose,derrick-rose,1988-10-04T00:00:00,Memphis,USA,Memphis/USA,6-3,200,16,23,Guard,Inactive,N,1610612763,Grizzlies,MEM,grizzlies,Memphis,derrick_rose,2008,2023,N,Y,Y,2008,1,1,N
87,Kevin Huerter,14508929,SG,24,SAC,75,75,29.4,5.6,11.5,0.485,2.7,6.8,0.402,2.9,4.7,0.604,0.603,1.3,1.7,0.725,0.6,2.8,3.3,2.9,1.1,0.3,1.3,2.4,15.2,huertke01,1628989,Kevin,Huerter,"Huerter, Kevin",K. Huerter,kevin-huerter,1998-08-27T00:00:00,Maryland,USA,Maryland/USA,6-6,190,7,27,Guard-Forward,Active,Y,1610612765,Pistons,DET,pistons,Detroit,kevin_huerter,2018,2025,N,Y,Y,2018,1,19,N
88,Christian Wood,14317459,C,27,DAL,67,17,25.9,5.9,11.5,0.515,1.6,4.2,0.376,4.3,7.3,0.594,0.583,3.2,4.2,0.772,1.3,6.0,7.3,1.8,0.4,1.1,1.8,2.5,16.6,woodch01,1626174,Christian,Wood,"Wood, Christian",C. Wood,christian-wood,1995-09-27T00:00:00,UNLV,USA,UNLV/USA,6-8,214,9,35,Forward,Inactive,N,1610612747,Lakers,LAL,lakers,Los Angeles,christian_wood,2015,2023,Y,Y,Y,Undrafted,Undrafted,Undrafted,N
89,Kentavious Caldwell-Pope,14004703,SG,29,DEN,76,76,31.3,3.8,8.3,0.462,1.8,4.2,0.423,2.1,4.1,0.502,0.569,1.4,1.6,0.824,0.5,2.3,2.7,2.4,1.5,0.5,1.1,1.9,10.8,caldwke01,203484,Kentavious,Caldwell-Pope,"Caldwell-Pope, Kentavious",K. Caldwell-Pope,kentavious-caldwell-pope,1993-02-18T00:00:00,Georgia,USA,Georgia/USA,6-5,204,12,3,Guard,Active,Y,1610612763,Grizzlies,MEM,grizzlies,Memphis,kentavious_caldwell-pope,2013,2025,N,Y,Y,2013,1,8,N
90,Brook Lopez,13906976,C,34,MIL,78,78,30.4,6.1,11.5,0.531,1.7,4.7,0.374,4.4,6.9,0.637,0.606,1.9,2.4,0.784,2.0,4.7,6.7,1.3,0.5,2.5,1.4,2.6,15.9,lopezbr01,201572,Brook,Lopez,"Lopez, Brook",B. Lopez,brook-lopez,1988-04-01T00:00:00,Stanford,USA,Stanford/USA,7-1,282,17,11,Center,Active,Y,1610612746,Clippers,LAC,clippers,LA,brook_lopez,2008,2025,N,Y,Y,2008,1,10,N
91,Patrick Beverley,13801614,SG-PG,34,LAL/CHI,67,67,27.1,2.1,5.4,0.4,1.2,3.6,0.335,1.0,1.8,0.529,0.511,0.7,1.0,0.723,0.7,3.0,3.7,2.9,0.9,0.6,0.9,2.8,6.2,beverpa01,201976,Patrick,Beverley,"Beverley, Patrick",P. Beverley,patrick-beverley,1988-07-12T00:00:00,Arkansas,USA,Arkansas/USA,6-2,180,13,21,Guard,Inactive,N,1610612749,Bucks,MIL,bucks,Milwaukee,patrick_beverley,2012,2023,Y,Y,Y,2009,2,42,N
92,Doug McDermott,13750000,SF,31,SAS,64,0,20.5,3.7,8.2,0.457,1.9,4.7,0.413,1.8,3.5,0.516,0.575,0.8,1.1,0.757,0.4,1.8,2.2,1.4,0.2,0.1,0.9,1.8,10.2,mcderdo01,203926,Doug,McDermott,"McDermott, Doug",D. McDermott,doug-mcdermott,1992-01-03T00:00:00,Creighton,USA,Creighton/USA,6-7,225,11,7,Forward,Active,Y,1610612758,Kings,SAC,kings,Sacramento,doug_mcdermott,2014,2025,N,Y,Y,2014,1,11,N
93,Luke Kennard,13745455,SG,26,LAC/MEM,59,14,22.3,3.2,6.5,0.492,2.3,4.6,0.494,0.9,1.9,0.487,0.666,0.6,0.7,0.949,0.3,2.4,2.7,1.5,0.5,0.1,0.8,1.4,9.3,kennalu01,1628379,Luke,Kennard,"Kennard, Luke",L. Kennard,luke-kennard,1996-06-24T00:00:00,Duke,USA,Duke/USA,6-5,206,8,10,Guard,Active,Y,1610612747,Lakers,LAL,lakers,Los Angeles,luke_kennard,2017,2025,Y,Y,Y,2017,1,12,N
94,Zion Williamson,13534817,PF,22,NOP,29,29,33.0,9.8,16.2,0.608,0.2,0.7,0.368,9.6,15.5,0.618,0.615,6.1,8.6,0.714,2.0,5.0,7.0,4.6,1.1,0.6,3.4,2.2,26.0,willizi01,1629627,Zion,Williamson,"Williamson, Zion",Z. Williamson,zion-williamson,2000-07-06T00:00:00,Duke,USA,Duke/USA,6-6,284,6,1,Forward,Active,Y,1610612740,Pelicans,NOP,pelicans,New Orleans,zion_williamson,2019,2025,N,Y,Y,2019,1,1,N
95,Jordan Clarkson,13340000,SG,30,UTA,61,61,32.6,7.5,16.9,0.444,2.5,7.5,0.338,5.0,9.4,0.53,0.519,3.3,4.0,0.816,1.2,2.9,4.0,4.4,0.5,0.2,3.0,2.0,20.8,clarkjo01,203903,Jordan,Clarkson,"Clarkson, Jordan",J. Clarkson,jordan-clarkson,1992-06-07T00:00:00,Missouri,USA,Missouri/USA,6-5,194,11,00,Guard,Active,Y,1610612752,Knicks,NYK,knicks,New York,jordan_clarkson,2014,2025,Y,Y,Y,2014,2,46,N
96,Gary Harris,13000000,SG,28,ORL,48,42,24.7,2.9,6.4,0.45,2.0,4.5,0.431,0.9,1.9,0.494,0.603,0.6,0.6,0.9,0.4,1.6,2.0,1.2,0.9,0.3,0.6,1.9,8.3,harriga01,203914,Gary,Harris,"Harris, Gary",G. Harris,gary-harris,1994-09-14T00:00:00,Michigan State,USA,Michigan State/USA,6-4,210,11,11,Guard,Active,Y,1610612749,Bucks,MIL,bucks,Milwaukee,gary_harris,2014,2025,N,Y,Y,2014,1,19,N
97,Kyle Kuzma,13000000,PF,27,WAS,64,64,35.0,8.0,17.8,0.448,2.5,7.5,0.333,5.5,10.3,0.533,0.518,2.7,3.7,0.73,0.9,6.4,7.2,3.7,0.6,0.5,3.0,2.3,21.2,kuzmaky01,1628398,Kyle,Kuzma,"Kuzma, Kyle",K. Kuzma,kyle-kuzma,1995-07-24T00:00:00,Utah,USA,Utah/USA,6-8,221,8,18,Forward,Active,Y,1610612749,Bucks,MIL,bucks,Milwaukee,kyle_kuzma,2017,2025,N,Y,Y,2017,1,27,N
98,Josh Hart,12960000,SF,27,NYK/POR,76,52,32.3,3.6,6.8,0.529,0.8,2.2,0.372,2.8,4.7,0.601,0.588,1.7,2.3,0.75,1.9,5.9,7.8,3.8,1.2,0.3,1.5,2.6,9.8,hartjo01,1628404,Josh,Hart,"Hart, Josh",J. Hart,josh-hart,1995-03-06T00:00:00,Villanova,USA,Villanova/USA,6-5,215,8,3,Guard,Active,Y,1610612752,Knicks,NYK,knicks,New York,josh_hart,2017,2025,Y,Y,Y,2017,1,30,N
99,Dorian Finney-Smith,12939848,PF,29,BRK/DAL,66,66,30.4,3.0,7.6,0.391,1.7,5.1,0.337,1.2,2.5,0.503,0.505,0.7,0.9,0.763,1.7,3.1,4.8,1.5,0.8,0.5,0.9,2.2,8.3,finnedo01,1627827,Dorian,Finney-Smith,"Finney-Smith, Dorian",D. Finney-Smith,dorian-finney-smith,1993-05-04T00:00:00,Florida,USA,Florida/USA,6-7,220,9,2,Forward,Active,Y,1610612745,Rockets,HOU,rockets,Houston,dorian_finney-smith,2016,2025,N,Y,Y,Undrafted,Undrafted,Undrafted,N
100,Kelly Olynyk,12804878,C,31,UTA,68,68,28.6,4.1,8.2,0.499,1.4,3.5,0.394,2.7,4.7,0.576,0.583,2.9,3.4,0.853,1.2,5.0,6.2,3.7,0.9,0.5,2.5,3.4,12.5,olynyke01,203482,Kelly,Olynyk,"Olynyk, Kelly",K. Olynyk,kelly-olynyk,1991-04-19T00:00:00,Gonzaga,Canada,Gonzaga/Canada,7-0,240,12,8,Forward-Center,Active,Y,1610612759,Spurs,SAS,spurs,San Antonio,kelly_olynyk,2013,2025,N,Y,Y,2013,1,13,N
101,Chris Boucher,12690000,PF,30,TOR,76,0,20.0,3.4,7.0,0.493,0.8,2.5,0.328,2.6,4.5,0.585,0.552,1.7,2.2,0.762,2.1,3.5,5.5,0.4,0.6,0.8,0.5,1.9,9.4,bouchch01,1628449,Chris,Boucher,"Boucher, Chris",C. Boucher,chris-boucher,1993-01-11T00:00:00,Oregon,Saint Lucia,Oregon/Saint Lucia,6-8,200,8,,Forward,Inactive,Y,0,,,,,chris_boucher,2017,2025,Y,Y,Y,Undrafted,Undrafted,Undrafted,N
102,Robert Covington,12307692,PF,32,LAC,48,0,16.2,2.1,4.8,0.445,1.1,2.8,0.397,1.0,1.9,0.516,0.563,0.6,0.8,0.75,0.6,2.8,3.5,1.2,0.8,0.7,0.7,1.8,6.0,covinro01,203496,Robert,Covington,"Covington, Robert",R. Covington,robert-covington,1990-12-14T00:00:00,Tennessee State,USA,Tennessee State/USA,6-7,209,12,33,Forward,Inactive,N,1610612755,76ers,PHI,sixers,Philadelphia,robert_covington,2013,2023,Y,Y,Y,Undrafted,Undrafted,Undrafted,N
103,Josh Richardson,12196094,SG,29,NOP/SAS,65,10,23.5,3.7,8.5,0.431,1.6,4.5,0.365,2.0,4.0,0.506,0.528,1.1,1.2,0.852,0.6,2.1,2.7,2.7,1.1,0.3,1.3,1.8,10.1,richajo01,1626196,Josh,Richardson,"Richardson, Josh",J. Richardson,josh-richardson,1993-09-15T00:00:00,Tennessee,USA,Tennessee/USA,6-5,200,9,,Guard,Inactive,Y,0,,,,,josh_richardson,2015,2024,Y,Y,Y,2015,2,40,N
104,Ja Morant,12119440,PG,23,MEM,61,59,31.9,9.3,19.9,0.466,1.5,4.9,0.307,7.8,15.0,0.519,0.504,6.1,8.1,0.748,1.0,4.9,5.9,8.1,1.1,0.3,3.4,1.6,26.2,moranja01,1629630,Ja,Morant,"Morant, Ja",J. Morant,ja-morant,1999-08-10T00:00:00,Murray State,USA,Murray State/USA,6-2,174,6,12,Guard,Active,Y,1610612763,Grizzlies,MEM,grizzlies,Memphis,ja_morant,2019,2025,N,Y,Y,2019,1,2,N
105,Danny Green,11710528,SG,35,CLE/MEM,11,0,12.5,2.0,4.5,0.449,1.5,3.4,0.432,0.5,1.1,0.5,0.612,0.1,0.1,1.0,0.3,1.0,1.3,0.5,0.5,0.3,0.9,1.5,5.5,greenda02,201980,Danny,Green,"Green, Danny",D. Green,danny-green,1987-06-22T00:00:00,North Carolina,USA,North Carolina/USA,6-6,215,15,,Guard,Inactive,N,0,,,,,danny_green,2009,2023,Y,Y,Y,2009,2,46,N
106,Terrence Ross,11500000,SG,31,ORL/PHO,63,9,21.1,3.2,7.4,0.43,1.5,4.1,0.368,1.7,3.3,0.507,0.532,0.4,0.5,0.794,0.3,2.1,2.4,1.5,0.6,0.2,0.7,1.5,8.3,rosste01,203082,Terrence,Ross,"Ross, Terrence",T. Ross,terrence-ross,1991-02-05T00:00:00,Washington,USA,Washington/USA,6-7,206,12,8,Guard-Forward,Inactive,N,1610612756,Suns,PHX,suns,Phoenix,terrence_ross,2012,2022,N,Y,Y,2012,1,8,N
107,Reggie Jackson,11457217,PG,32,DEN/LAC,68,40,24.4,3.9,9.4,0.411,1.4,4.2,0.333,2.5,5.2,0.474,0.486,1.0,1.1,0.91,0.4,1.8,2.1,3.4,0.7,0.1,1.7,1.7,10.2,jacksre01,202704,Reggie,Jackson,"Jackson, Reggie",R. Jackson,reggie-jackson,1990-04-16T00:00:00,Boston College,USA,Boston College/USA,6-2,208,13,,Guard,Inactive,Y,0,,,,,reggie_jackson,2011,2024,Y,Y,Y,2011,1,24,N
108,Dillon Brooks,11400000,SF,27,MEM,73,73,30.3,5.4,13.6,0.396,2.0,6.0,0.326,3.4,7.6,0.451,0.468,1.6,2.1,0.779,0.6,2.7,3.3,2.6,0.9,0.2,1.4,3.3,14.3,brookdi01,1628415,Dillon,Brooks,"Brooks, Dillon",D. Brooks,dillon-brooks,1996-01-22T00:00:00,Oregon,Canada,Oregon/Canada,6-7,225,8,3,Guard-Forward,Active,Y,1610612756,Suns,PHX,suns,Phoenix,dillon_brooks,2017,2025,N,Y,Y,2017,2,45,N
109,Richaun Holmes,11215260,C,29,SAC,42,1,8.3,1.3,2.1,0.618,0.1,0.2,0.625,1.2,1.9,0.617,0.646,0.4,0.5,0.789,0.7,1.2,1.9,0.2,0.1,0.3,0.3,1.2,3.1,holmeri01,1626158,Richaun,Holmes,"Holmes, Richaun",R. Holmes,richaun-holmes,1993-10-15T00:00:00,Bowling Green,USA,Bowling Green/USA,6-9,235,11,22,Forward,Inactive,N,1610612764,Wizards,WAS,wizards,Washington,richaun_holmes,2015,2024,Y,Y,Y,2015,2,37,N
110,Dwight Powell,11080125,C,31,DAL,76,64,19.2,2.6,3.5,0.732,0.0,0.1,0.0,2.6,3.5,0.746,0.732,1.5,2.2,0.667,2.0,2.2,4.1,0.9,0.6,0.3,0.9,2.8,6.7,poweldw01,203939,Dwight,Powell,"Powell, Dwight",D. Powell,dwight-powell,1991-07-20T00:00:00,Stanford,Canada,Stanford/Canada,6-10,240,11,7,Forward-Center,Active,Y,1610612742,Mavericks,DAL,mavericks,Dallas,dwight_powell,2014,2025,Y,Y,Y,2014,2,45,N
111,Paolo Banchero,11055120,PF,20,ORL,72,72,33.8,6.7,15.6,0.427,1.2,4.0,0.298,5.5,11.6,0.471,0.465,5.5,7.4,0.738,1.2,5.7,6.9,3.7,0.8,0.5,2.8,2.2,20.0,banchpa01,1631094,Paolo,Banchero,"Banchero, Paolo",P. Banchero,paolo-banchero,2002-11-12T00:00:00,Duke,USA,Duke/USA,6-10,250,3,5,Forward,Active,Y,1610612753,Magic,ORL,magic,Orlando,paolo_banchero,2022,2025,N,Y,Y,2022,1,1,N
112,RJ Barrett,10900634,SG,22,NYK,73,73,33.9,7.0,16.1,0.434,1.7,5.3,0.31,5.3,10.8,0.495,0.485,4.0,5.4,0.74,0.8,4.2,5.0,2.8,0.4,0.2,2.2,2.5,19.6,barrerj01,1629628,RJ,Barrett,"Barrett, RJ",R. Barrett,rj-barrett,2000-06-14T00:00:00,Duke,Canada,Duke/Canada,6-6,214,6,9,Forward-Guard,Active,Y,1610612761,Raptors,TOR,raptors,Toronto,rj_barrett,2019,2025,N,Y,Y,2019,1,3,N
113,Bobby Portis,10843350,PF,27,MIL,70,22,26.0,5.7,11.5,0.496,1.4,3.7,0.37,4.3,7.8,0.555,0.555,1.4,1.8,0.768,2.2,7.4,9.6,1.5,0.4,0.2,1.2,1.6,14.1,portibo01,1626171,Bobby,Portis,"Portis, Bobby",B. Portis,bobby-portis,1995-02-10T00:00:00,Arkansas,USA,Arkansas/USA,6-9,250,10,9,Forward,Active,Y,1610612749,Bucks,MIL,bucks,Milwaukee,bobby_portis,2015,2025,Y,Y,Y,2015,1,22,N
114,DeAndre Jordan,10733758,C,34,DEN,39,8,15.0,2.3,2.9,0.765,0.0,0.0,1.0,2.2,2.9,0.763,0.77,0.6,1.2,0.458,1.3,3.8,5.2,0.9,0.3,0.6,1.2,1.8,5.1,jordade01,201599,DeAndre,Jordan,"Jordan, DeAndre",D. Jordan,deandre-jordan,1988-07-21T00:00:00,Texas A&M,USA,Texas A&M/USA,6-11,265,17,9,Center,Active,Y,1610612740,Pelicans,NOP,pelicans,New Orleans,deandre_jordan,2008,2025,N,Y,Y,2008,2,35,N
115,Anthony Edwards,10733400,SG,21,MIN,79,79,36.0,8.9,19.5,0.459,2.7,7.3,0.369,6.3,12.2,0.513,0.528,4.0,5.3,0.756,0.6,5.2,5.8,4.4,1.6,0.7,3.3,2.4,24.6,edwaran01,1630162,Anthony,Edwards,"Edwards, Anthony",A. Edwards,anthony-edwards,2001-08-05T00:00:00,Georgia,USA,Georgia/USA,6-4,225,5,5,Guard,Active,Y,1610612750,Timberwolves,MIN,timberwolves,Minnesota,anthony_edwards,2020,2025,N,Y,Y,2020,1,1,N
117,Cade Cunningham,10552800,PG,21,DET,12,12,33.3,7.8,18.7,0.415,1.4,5.1,0.279,6.3,13.6,0.466,0.453,3.0,3.6,0.837,1.0,5.2,6.2,6.0,0.8,0.6,3.3,2.8,19.9,cunnica01,1630595,Cade,Cunningham,"Cunningham, Cade",C. Cunningham,cade-cunningham,2001-09-25T00:00:00,Oklahoma State,USA,Oklahoma State/USA,6-6,220,4,2,Guard,Active,Y,1610612765,Pistons,DET,pistons,Detroit,cade_cunningham,2021,2025,N,Y,Y,2021,1,1,N
118,Mo Bamba,10300000,C,24,LAL/ORL,49,7,15.7,2.4,4.9,0.485,1.0,2.5,0.387,1.4,2.4,0.59,0.585,0.8,1.3,0.661,1.2,3.4,4.6,0.9,0.3,0.9,0.6,2.1,6.6,bambamo01,1628964,Mo,Bamba,"Bamba, Mo",M. Bamba,mo-bamba,1998-05-12T00:00:00,Texas,USA,Texas/USA,7-0,231,7,,Center,Inactive,Y,0,,,,,mohamed_bamba,2018,2025,Y,Y,Y,2018,1,6,N
119,Talen Horton-Tucker,10260000,SG,22,UTA,65,20,20.2,4.0,9.4,0.419,0.9,3.1,0.286,3.1,6.3,0.485,0.467,1.9,2.6,0.75,0.6,2.6,3.2,3.8,0.6,0.4,1.9,1.7,10.7,hortota01,1629659,Talen,Horton-Tucker,"Horton-Tucker, Talen",T. Horton-Tucker,talen-horton-tucker,2000-11-25T00:00:00,Iowa State,USA,Iowa State/USA,6-4,234,7,22,Guard,Inactive,N,1610612741,Bulls,CHI,bulls,Chicago,talen_horton-tucker,2019,2024,Y,Y,Y,2019,2,46,N
120,Jae Crowder,10183800,PF,32,MIL,18,3,18.9,2.5,5.2,0.479,1.3,3.1,0.436,1.2,2.2,0.538,0.606,0.6,0.7,0.833,0.9,2.9,3.8,1.5,0.7,0.3,0.4,1.5,6.9,crowdja01,203109,Jae,Crowder,"Crowder, Jae",J. Crowder,jae-crowder,1990-07-06T00:00:00,Marquette,USA,Marquette/USA,6-6,235,14,99,Forward,Inactive,N,1610612758,Kings,SAC,kings,Sacramento,jae_crowder,2012,2024,Y,Y,Y,2012,2,34,N
121,Ivica Zubac,10123457,C,25,LAC,76,76,28.6,4.3,6.8,0.634,0.0,0.0,0.0,4.3,6.7,0.637,0.634,2.2,3.1,0.697,3.1,6.8,9.9,1.0,0.4,1.3,1.5,2.9,10.8,zubaciv01,1627826,Ivica,Zubac,"Zubac, Ivica",I. Zubac,ivica-zubac,1997-03-18T00:00:00,Mega Basket,Croatia,Mega Basket/Croatia,7-0,240,9,40,Center,Active,Y,1610612754,Pacers,IND,pacers,Indiana,ivica_zubac,2016,2025,Y,Y,Y,2016,2,32,N
123,Alec Burks,10012800,SG,31,DET,51,8,22.0,3.9,9.0,0.436,1.9,4.7,0.414,2.0,4.3,0.459,0.544,3.0,3.7,0.814,0.4,2.7,3.1,2.2,0.7,0.2,1.1,1.9,12.8,burksal01,202692,Alec,Burks,"Burks, Alec",A. Burks,alec-burks,1991-07-20T00:00:00,Colorado,USA,Colorado/USA,6-5,214,15,18,Guard,Inactive,N,1610612748,Heat,MIA,heat,Miami,alec_burks,2011,2024,Y,Y,Y,2011,1,12,N
124,De'Andre Hunter,9835881,SF,25,ATL,67,67,31.7,5.7,12.3,0.461,1.5,4.3,0.35,4.2,8.0,0.521,0.522,2.6,3.1,0.826,0.7,3.6,4.2,1.4,0.5,0.3,1.2,3.0,15.4,huntede01,1629631,De'Andre,Hunter,"Hunter, De'Andre",D. Hunter,deandre-hunter,1997-12-02T00:00:00,Virginia,USA,Virginia/USA,6-7,221,6,15,Forward-Guard,Active,Y,1610612758,Kings,SAC,kings,Sacramento,deandre_hunter,2019,2025,N,Y,Y,2019,1,4,N
125,James Wiseman,9603360,C,21,GSW/DET,45,22,19.3,4.2,7.5,0.558,0.1,0.4,0.2,4.1,7.1,0.58,0.563,1.5,2.2,0.701,1.6,4.3,5.9,0.7,0.2,0.6,1.1,2.4,10.0,wisemja01,1630164,James,Wiseman,"Wiseman, James",J. Wiseman,james-wiseman,2001-03-31T00:00:00,Memphis,USA,Memphis/USA,6-11,240,5,,Center,Inactive,Y,0,,,,,james_wiseman,2020,2025,Y,Y,Y,2020,1,2,N
126,Landry Shamet,9500000,SG,25,PHO,40,9,20.2,2.8,7.5,0.377,1.9,5.0,0.377,1.0,2.5,0.376,0.502,1.1,1.3,0.882,0.3,1.4,1.7,2.3,0.7,0.1,0.9,1.5,8.7,shamela01,1629013,Landry,Shamet,"Shamet, Landry",L. Shamet,landry-shamet,1997-03-13T00:00:00,Wichita State,USA,Wichita State/USA,6-5,190,7,44,Guard,Active,Y,1610612752,Knicks,NYK,knicks,New York,landry_shamet,2018,2025,Y,Y,Y,2018,1,26,N
127,Malik Monk,9472219,SG,24,SAC,77,0,22.3,4.6,10.3,0.448,1.9,5.2,0.359,2.8,5.2,0.538,0.538,2.4,2.7,0.889,0.4,2.2,2.6,3.9,0.6,0.3,1.9,1.6,13.5,monkma01,1628370,Malik,Monk,"Monk, Malik",M. Monk,malik-monk,1998-02-04T00:00:00,Kentucky,USA,Kentucky/USA,6-3,200,8,0,Guard,Active,Y,1610612758,Kings,SAC,kings,Sacramento,malik_monk,2017,2025,Y,Y,Y,2017,1,11,N
128,Jalen Green,9441840,SG,20,HOU,76,76,34.2,7.4,17.9,0.416,2.5,7.3,0.338,5.0,10.6,0.471,0.485,4.8,6.1,0.786,0.6,3.2,3.7,3.7,0.8,0.2,2.6,1.7,22.1,greenja05,1630224,Jalen,Green,"Green, Jalen",J. Green,jalen-green,2002-02-09T00:00:00,NBA G League Ignite,USA,NBA G League Ignite/USA,6-4,186,4,4,Guard,Active,Y,1610612756,Suns,PHX,suns,Phoenix,jalen_green,2021,2025,Y,Y,Y,2021,1,2,N
129,Jakob Poeltl,9398148,C,27,SAS/TOR,72,71,26.5,5.4,8.6,0.629,0.0,0.0,0.0,5.4,8.6,0.63,0.629,1.7,2.8,0.592,3.3,5.8,9.1,2.7,0.9,1.2,1.7,2.7,12.5,poeltja01,1627751,Jakob,Poeltl,"Poeltl, Jakob",J. Poeltl,jakob-poeltl,1995-10-15T00:00:00,Utah,Austria,Utah/Austria,7-0,253,9,19,Center,Active,Y,1610612761,Raptors,TOR,raptors,Toronto,jakob_poeltl,2016,2025,Y,Y,Y,2016,1,9,N
130,Nerlens Noel,9391069,C,28,BRK/DET,17,4,11.5,0.8,2.1,0.361,0.1,0.1,0.5,0.7,2.0,0.353,0.375,0.5,0.7,0.667,0.6,2.1,2.7,0.6,0.9,0.6,0.8,1.9,2.1,noelne01,203457,Nerlens,Noel,"Noel, Nerlens",N. Noel,nerlens-noel,1994-04-10T00:00:00,Kentucky,USA,Kentucky/USA,6-10,220,10,,Center-Forward,Inactive,N,0,,,,,nerlens_noel,2013,2022,N,Y,Y,2013,1,6,N
131,Royce O'Neale,9200000,SF,29,BRK,76,53,31.7,3.0,7.8,0.386,2.1,5.5,0.389,0.9,2.3,0.379,0.524,0.7,0.9,0.725,0.7,4.3,5.1,3.7,0.9,0.6,1.5,3.1,8.8,onealro01,1626220,Royce,O'Neale,"O'Neale, Royce",R. O'Neale,royce-oneale,1993-06-05T00:00:00,Baylor,USA,Baylor/USA,6-6,226,8,00,Forward,Active,Y,1610612756,Suns,PHX,suns,Phoenix,royce_o'neale,2017,2025,Y,Y,Y,Undrafted,Undrafted,Undrafted,N
133,Mason Plumlee,9080417,C,32,LAC/CHO,79,60,26.0,4.2,6.1,0.68,0.0,0.0,,4.2,6.1,0.68,0.68,2.5,4.0,0.636,2.9,6.0,8.9,3.1,0.6,0.6,1.5,2.7,10.8,plumlma01,203486,Mason,Plumlee,"Plumlee, Mason",M. Plumlee,mason-plumlee,1990-03-05T00:00:00,Duke,USA,Duke/USA,7-0,254,12,45,Forward-Center,Active,Y,1610612759,Spurs,SAS,spurs,San Antonio,mason_plumlee,2013,2025,Y,Y,Y,2013,1,22,N
134,Alex Caruso,9030000,PG,28,CHI,67,36,23.5,1.9,4.3,0.455,0.8,2.3,0.364,1.1,2.0,0.556,0.551,0.9,1.1,0.808,0.6,2.3,2.9,2.9,1.5,0.7,1.1,2.4,5.6,carusal01,1627936,Alex,Caruso,"Caruso, Alex",A. Caruso,alex-caruso,1994-02-28T00:00:00,Texas A&M,USA,Texas A&M/USA,6-5,186,8,9,Guard,Active,Y,1610612760,Thunder,OKC,thunder,Oklahoma City,alex_caruso,2017,2025,Y,Y,Y,Undrafted,Undrafted,Undrafted,N
135,Maxi Kleber,9000000,PF,31,DAL,37,5,25.1,2.1,4.6,0.456,1.1,3.0,0.348,1.0,1.5,0.667,0.571,0.7,1.0,0.711,0.8,2.8,3.6,1.4,0.3,0.8,0.7,2.3,5.9,klebima01,1628467,Maxi,Kleber,"Kleber, Maxi",M. Kleber,maxi-kleber,1992-01-29T00:00:00,Bayern Munich,Germany,Bayern Munich/Germany,6-10,240,8,14,Forward,Active,Y,1610612747,Lakers,LAL,lakers,Los Angeles,maxi_kleber,2017,2025,N,Y,Y,Undrafted,Undrafted,Undrafted,N
136,Grayson Allen,8925000,SG,27,MIL,72,70,27.4,3.4,7.7,0.44,2.0,5.1,0.399,1.4,2.7,0.518,0.571,1.6,1.8,0.905,0.8,2.4,3.3,2.3,0.9,0.2,1.0,1.6,10.4,allengr01,1628960,Grayson,Allen,"Allen, Grayson",G. Allen,grayson-allen,1995-10-08T00:00:00,Duke,USA,Duke/USA,6-3,198,7,8,Guard,Active,Y,1610612756,Suns,PHX,suns,Phoenix,grayson_allen,2018,2025,Y,Y,Y,2018,1,21,N
137,Darius Garland,8920794,PG,23,CLE,69,69,35.5,7.6,16.4,0.462,2.4,6.0,0.41,5.1,10.4,0.492,0.537,4.0,4.7,0.863,0.4,2.3,2.7,7.8,1.2,0.1,2.9,2.1,21.6,garlada01,1629636,Darius,Garland,"Garland, Darius",D. Garland,darius-garland,2000-01-26T00:00:00,Vanderbilt,USA,Vanderbilt/USA,6-1,192,6,10,Guard,Active,Y,1610612746,Clippers,LAC,clippers,LA,darius_garland,2019,2025,N,Y,Y,2019,1,5,N
138,Isaiah Hartenstein,8854879,C,24,NYK,82,8,19.8,2.1,4.0,0.535,0.1,0.5,0.216,2.0,3.5,0.576,0.547,0.6,0.9,0.676,2.5,4.0,6.5,1.2,0.6,0.8,0.8,2.6,5.0,harteis01,1628392,Isaiah,Hartenstein,"Hartenstein, Isaiah",I. Hartenstein,isaiah-hartenstein,1998-05-05T00:00:00,Zalgiris,Germany,Zalgiris/Germany,7-0,250,7,55,Center-Forward,Active,Y,1610612760,Thunder,OKC,thunder,Oklahoma City,isaiah_hartenstein,2018,2025,Y,Y,Y,2017,2,43,N
139,Kyle Anderson,8780488,PF,29,MIN,69,46,28.4,3.7,7.2,0.509,0.6,1.5,0.41,3.0,5.7,0.536,0.553,1.4,2.0,0.735,1.0,4.4,5.3,4.9,1.1,0.9,1.5,2.1,9.4,anderky01,203937,Kyle,Anderson,"Anderson, Kyle",K. Anderson,kyle-anderson,1993-09-20T00:00:00,UCLA,USA,UCLA/USA,6-8,230,11,12,Forward-Guard,Active,Y,1610612750,Timberwolves,MIN,timberwolves,Minnesota,kyle_anderson,2014,2025,Y,Y,Y,2014,1,30,N
140,Victor Oladipo,8750000,SG,30,MIA,42,2,26.3,3.8,9.6,0.397,1.7,5.0,0.33,2.1,4.5,0.471,0.484,1.4,1.9,0.747,0.4,2.7,3.0,3.5,1.4,0.3,2.1,2.4,10.7,oladivi01,203506,Victor,Oladipo,"Oladipo, Victor",V. Oladipo,victor-oladipo,1992-05-04T00:00:00,Indiana,USA,Indiana/USA,6-3,213,11,4,Guard,Inactive,N,1610612748,Heat,MIA,heat,Miami,victor_oladipo,2013,2022,N,Y,Y,2013,1,2,N
141,Daniel Theis,8694369,C,30,IND,7,1,15.6,3.0,6.3,0.477,0.3,1.6,0.182,2.7,4.7,0.576,0.5,0.7,1.7,0.417,1.0,2.1,3.1,1.3,0.3,0.9,0.4,1.0,7.0,theisda01,1628464,Daniel,Theis,"Theis, Daniel",D. Theis,daniel-theis,1992-04-04T00:00:00,Brose Bamberg,Germany,Brose Bamberg/Germany,6-8,245,7,,Forward-Center,Inactive,Y,0,,,,,daniel_theis,2017,2024,N,Y,Y,Undrafted,Undrafted,Undrafted,N
142,LaMelo Ball,8623920,PG,21,CHO,36,36,35.2,8.2,20.0,0.411,4.0,10.6,0.376,4.2,9.4,0.45,0.51,2.8,3.4,0.836,1.2,5.3,6.4,8.4,1.3,0.3,3.6,3.3,23.3,ballla01,1630163,LaMelo,Ball,"Ball, LaMelo",L. Ball,lamelo-ball,2001-08-22T00:00:00,Illawarra,USA,Illawarra/USA,6-7,180,5,1,Guard,Active,Y,1610612766,Hornets,CHA,hornets,Charlotte,lamelo_ball,2020,2025,N,Y,Y,2020,1,3,N
143,Seth Curry,8496653,SG,32,BRK,61,7,19.9,3.4,7.4,0.463,1.5,3.8,0.405,1.9,3.6,0.525,0.568,0.8,0.9,0.927,0.2,1.4,1.6,1.6,0.6,0.1,0.8,1.6,9.2,curryse01,203552,Seth,Curry,"Curry, Seth",S. Curry,seth-curry,1990-08-23T00:00:00,Duke,USA,Duke/USA,6-1,185,12,31,Guard,Active,Y,1610612744,Warriors,GSW,warriors,Golden State,seth_curry,2013,2025,Y,Y,Y,Undrafted,Undrafted,Undrafted,N
144,Evan Mobley,8478720,PF,21,CLE,79,79,34.4,6.6,12.0,0.554,0.3,1.3,0.216,6.4,10.7,0.595,0.566,2.6,3.8,0.674,2.4,6.6,9.0,2.8,0.8,1.5,1.8,2.8,16.2,mobleev01,1630596,Evan,Mobley,"Mobley, Evan",E. Mobley,evan-mobley,2001-06-18T00:00:00,Southern California,USA,Southern California/USA,6-11,215,4,4,Center,Active,Y,1610612739,Cavaliers,CLE,cavaliers,Cleveland,evan_mobley,2021,2025,N,Y,Y,2021,1,3,N
145,Gary Payton II,8300000,SG,30,GSW/POR,22,1,16.7,1.9,3.1,0.594,0.6,1.2,0.5,1.3,2.0,0.651,0.688,0.3,0.3,0.857,1.1,2.0,3.1,1.4,1.0,0.2,0.7,2.0,4.6,paytoga02,1627780,Gary,Payton II,"Payton II, Gary",G. Payton II,gary-payton-ii,1992-12-01T00:00:00,Oregon State,USA,Oregon State/USA,6-2,195,9,0,Guard,Active,Y,1610612744,Warriors,GSW,warriors,Golden State,gary_payton_ii,2016,2025,Y,Y,Y,Undrafted,Undrafted,Undrafted,N
146,Dewayne Dedmon,8283688,C,33,PHI/MIA,38,1,11.2,2.0,4.0,0.51,0.3,1.0,0.308,1.7,2.9,0.58,0.55,0.9,1.3,0.673,0.9,2.6,3.5,0.7,0.2,0.5,0.7,2.0,5.2,dedmode01,203473,Dewayne,Dedmon,"Dedmon, Dewayne",D. Dedmon,dewayne-dedmon,1989-08-12T00:00:00,USC,USA,Southern California/USA,6-10,245,11,14,Center,Inactive,N,1610612755,76ers,PHI,sixers,Philadelphia,dewayne_dedmon,2013,2022,Y,Y,Y,Undrafted,Undrafted,Undrafted,N
147,De'Anthony Melton,8250000,SG,24,PHI,77,58,27.9,3.6,8.5,0.425,2.0,5.2,0.39,1.6,3.2,0.484,0.546,0.9,1.1,0.793,0.9,3.2,4.1,2.6,1.6,0.5,1.3,2.5,10.1,meltode01,1629001,De'Anthony,Melton,"Melton, De'Anthony",D. Melton,deanthony-melton,1998-05-28T00:00:00,Southern California,USA,Southern California/USA,6-2,200,7,8,Guard,Active,Y,1610612744,Warriors,GSW,warriors,Golden State,deanthony_melton,2018,2025,Y,Y,Y,2018,2,46,N
148,JaMychal Green,8200000,PF,32,GSW,57,1,14.0,2.4,4.4,0.54,0.7,1.9,0.378,1.6,2.5,0.667,0.623,0.9,1.2,0.776,1.3,2.3,3.6,0.9,0.4,0.4,0.9,1.8,6.4,greenja01,203210,JaMychal,Green,"Green, JaMychal",J. Green,jamychal-green,1990-06-21T00:00:00,Alabama,USA,Alabama/USA,6-9,227,10,1,Forward-Center,Inactive,N,1610612744,Warriors,GSW,warriors,Golden State,jamychal_green,2014,2022,Y,Y,Y,Undrafted,Undrafted,Undrafted,N
149,Keegan Murray,8008440,SF,22,SAC,80,78,29.8,4.4,9.8,0.453,2.6,6.3,0.411,1.9,3.5,0.527,0.584,0.8,1.0,0.765,1.1,3.5,4.6,1.2,0.8,0.5,0.8,2.0,12.2,murrake02,1631099,Keegan,Murray,"Murray, Keegan",K. Murray,keegan-murray,2000-08-19T00:00:00,Iowa,USA,Iowa/USA,6-8,225,3,13,Forward,Active,Y,1610612758,Kings,SAC,kings,Sacramento,keegan_murray,2022,2025,N,Y,Y,2022,1,4,N
150,Kevon Looney,8000000,C,26,GSW,82,70,23.9,3.0,4.7,0.63,0.0,0.0,0.0,3.0,4.7,0.632,0.63,1.1,1.9,0.606,3.3,5.9,9.3,2.5,0.6,0.6,0.5,2.7,7.0,looneke01,1626172,Kevon,Looney,"Looney, Kevon",K. Looney,kevon-looney,1996-02-06T00:00:00,UCLA,USA,UCLA/USA,6-9,222,10,55,Forward,Active,Y,1610612740,Pelicans,NOP,pelicans,New Orleans,kevon_looney,2015,2025,Y,Y,Y,2015,1,30,N
151,Thaddeus Young,8000000,PF,34,TOR,54,9,14.7,2.0,3.7,0.545,0.1,0.6,0.176,1.9,3.0,0.622,0.561,0.3,0.5,0.692,1.3,1.8,3.1,1.4,1.0,0.1,0.8,1.6,4.4,youngth01,201152,Thaddeus,Young,"Young, Thaddeus",T. Young,thaddeus-young,1988-06-21T00:00:00,Georgia Tech,USA,Georgia Tech/USA,6-8,225,18,30,Forward,Inactive,N,1610612756,Suns,PHX,suns,Phoenix,thaddeus_young,2007,2023,N,Y,Y,2007,1,12,N
152,Delon Wright,7804878,PG,30,WAS,50,14,24.4,2.8,5.8,0.474,0.8,2.4,0.345,1.9,3.4,0.564,0.545,1.0,1.2,0.867,1.2,2.4,3.6,3.9,1.8,0.3,0.9,1.2,7.4,wrighde01,1626153,Delon,Wright,"Wright, Delon",D. Wright,delon-wright,1992-04-26T00:00:00,Utah,USA,Utah/USA,6-5,185,11,0,Guard,Inactive,Y,1610612752,Knicks,NYK,knicks,New York,delon_wright,2015,2024,Y,Y,Y,2015,1,20,N
153,Patrick Williams,7775400,PF,21,CHI,82,65,28.3,3.8,8.3,0.464,1.4,3.4,0.415,2.4,4.9,0.498,0.549,1.1,1.3,0.857,1.0,3.0,4.0,1.2,0.9,0.9,1.2,1.8,10.2,willipa01,1630172,Patrick,Williams,"Williams, Patrick",P. Williams,patrick-williams,2001-08-26T00:00:00,Florida State,USA,Florida State/USA,6-6,235,5,44,Forward,Active,Y,1610612741,Bulls,CHI,bulls,Chicago,patrick_williams,2020,2025,N,Y,Y,2020,1,4,N
154,Scottie Barnes,7644600,SF,21,TOR,77,76,34.8,6.0,13.2,0.456,0.8,2.9,0.281,5.2,10.3,0.505,0.487,2.5,3.2,0.772,2.3,4.3,6.6,4.8,1.1,0.8,2.0,2.2,15.3,barnesc01,1630567,Scottie,Barnes,"Barnes, Scottie",S. Barnes,scottie-barnes,2001-08-01T00:00:00,Florida State,USA,Florida State/USA,6-8,237,4,4,Forward-Guard,Active,Y,1610612761,Raptors,TOR,raptors,Toronto,scottie_barnes,2021,2025,N,Y,Y,2021,1,4,N
155,Cedi Osman,7426088,SF,27,CLE,77,2,20.1,3.1,6.9,0.451,1.5,4.1,0.372,1.6,2.8,0.564,0.56,1.0,1.4,0.694,0.3,2.0,2.3,1.5,0.5,0.1,0.7,1.6,8.7,osmande01,1626224,Cedi,Osman,"Osman, Cedi",C. Osman,cedi-osman,1995-04-08T00:00:00,Anadolu Efes,Turkey,Anadolu Efes/Turkey,6-7,230,8,16,Forward,Inactive,N,1610612759,Spurs,SAS,spurs,San Antonio,cedi_osman,2017,2023,Y,Y,Y,2015,2,31,N
156,Coby White,7413955,SG,22,CHI,74,2,23.4,3.6,8.0,0.443,1.7,4.6,0.372,1.8,3.4,0.54,0.551,0.8,0.9,0.871,0.2,2.6,2.9,2.8,0.7,0.1,1.0,1.6,9.7,whiteco01,1629632,Coby,White,"White, Coby",C. White,coby-white,2000-02-16T00:00:00,North Carolina,USA,North Carolina/USA,6-4,210,6,3,Guard,Active,Y,1610612766,Hornets,CHA,hornets,Charlotte,coby_white,2019,2025,N,Y,Y,2019,1,7,N
157,Zach Collins,7350000,C,25,SAS,63,26,22.9,4.5,8.7,0.518,0.9,2.3,0.374,3.6,6.4,0.571,0.568,1.7,2.3,0.761,1.8,4.5,6.4,2.9,0.6,0.8,2.0,3.2,11.6,colliza01,1628380,Zach,Collins,"Collins, Zach",Z. Collins,zach-collins,1997-11-19T00:00:00,Gonzaga,USA,Gonzaga/USA,6-9,240,8,12,Forward-Center,Active,Y,1610612741,Bulls,CHI,bulls,Chicago,zach_collins,2017,2025,Y,Y,Y,2017,1,10,N
158,Jaden Ivey,7252200,SG,20,DET,74,73,31.1,5.5,13.3,0.416,1.6,4.7,0.343,3.9,8.6,0.457,0.477,3.6,4.8,0.747,1.0,2.9,3.9,5.2,0.8,0.2,3.2,3.3,16.3,iveyja01,1631093,Jaden,Ivey,"Ivey, Jaden",J. Ivey,jaden-ivey,2002-02-13T00:00:00,Purdue,USA,Purdue/USA,6-3,195,3,,Guard,Inactive,Y,0,,,,,jaden_ivey,2022,2025,N,Y,Y,2022,1,5,N
159,Taurean Prince,7100000,PF,28,MIN,54,4,22.1,3.3,7.0,0.467,1.4,3.6,0.381,1.9,3.4,0.557,0.565,1.2,1.4,0.844,0.3,2.2,2.4,1.6,0.5,0.3,1.3,2.3,9.1,princta02,1627752,Taurean,Prince,"Prince, Taurean",T. Prince,taurean-prince,1994-03-22T00:00:00,Baylor,USA,Baylor/USA,6-6,218,9,12,Forward,Active,Y,1610612749,Bucks,MIL,bucks,Milwaukee,taurean_prince,2016,2025,Y,Y,Y,2016,1,12,N
160,Jae'Sean Tate,7065217,SF,27,HOU,31,7,21.8,3.5,7.4,0.48,0.4,1.5,0.283,3.1,5.9,0.53,0.509,1.6,2.2,0.725,1.3,2.5,3.8,2.7,0.7,0.2,1.5,3.4,9.1,tateja01,1630256,Jae'Sean,Tate,"Tate, Jae'Sean",J. Tate,jaesean-tate,1995-10-28T00:00:00,Ohio State,USA,Ohio State/USA,6-4,230,5,8,Forward,Active,Y,1610612745,Rockets,HOU,rockets,Houston,jaesean_tate,2020,2025,Y,Y,Y,Undrafted,Undrafted,Undrafted,N
161,Isaac Okoro,7040880,SF,22,CLE,76,46,21.7,2.3,4.7,0.494,0.8,2.3,0.363,1.5,2.4,0.617,0.582,1.0,1.4,0.757,0.7,1.8,2.5,1.1,0.7,0.4,0.6,2.1,6.4,okorois01,1630171,Isaac,Okoro,"Okoro, Isaac",I. Okoro,isaac-okoro,2001-01-26T00:00:00,Auburn,USA,Auburn/USA,6-4,225,5,35,Forward-Guard,Active,Y,1610612741,Bulls,CHI,bulls,Chicago,isaac_okoro,2020,2025,N,Y,Y,2020,1,5,N
162,Cody Martin,7000000,SF,27,CHO,7,0,19.1,2.0,5.1,0.389,0.4,2.0,0.214,1.6,3.1,0.5,0.431,0.6,1.0,0.571,1.1,2.3,3.4,1.6,0.6,0.1,0.3,1.9,5.0,martico01,1628998,Cody,Martin,"Martin, Cody",C. Martin,cody-martin,1995-09-28T00:00:00,Nevada,USA,Nevada/USA,6-6,205,6,,Forward,Inactive,Y,0,,,,,cody_martin,2019,2025,Y,Y,Y,2019,2,36,N
163,Jalen Suggs,6922320,SG,21,ORL,53,19,23.5,3.5,8.4,0.419,1.2,3.8,0.327,2.3,4.6,0.496,0.493,1.6,2.2,0.723,1.0,2.0,3.0,2.9,1.3,0.5,1.8,2.3,9.9,suggsja01,1630591,Jalen,Suggs,"Suggs, Jalen",J. Suggs,jalen-suggs,2001-06-03T00:00:00,Gonzaga,USA,Gonzaga/USA,6-5,205,4,4,Guard,Active,Y,1610612753,Magic,ORL,magic,Orlando,jalen_suggs,2021,2025,N,Y,Y,2021,1,5,N
164,Jaxson Hayes,6803012,C,22,NOP,47,2,13.0,1.8,3.3,0.551,0.1,0.6,0.103,1.8,2.7,0.654,0.561,1.2,1.8,0.699,0.8,2.0,2.8,0.7,0.4,0.4,0.7,1.4,5.0,hayesja02,1629637,Jaxson,Hayes,"Hayes, Jaxson",J. Hayes,jaxson-hayes,2000-05-23T00:00:00,Texas,USA,Texas/USA,7-0,220,6,11,Center-Forward,Active,Y,1610612747,Lakers,LAL,lakers,Los Angeles,jaxson_hayes,2019,2025,Y,Y,Y,2019,1,8,N
165,Khem Birch,6667500,C,30,TOR,20,0,8.1,1.0,1.6,0.594,0.1,0.1,0.5,0.9,1.5,0.6,0.609,0.2,0.3,0.8,0.4,0.9,1.3,0.4,0.3,0.3,0.4,1.2,2.2,birchkh01,203920,Khem,Birch,"Birch, Khem",K. Birch,khem-birch,1992-09-28T00:00:00,UNLV,Canada,UNLV/Canada,6-8,233,7,24,Center,Inactive,N,1610612759,Spurs,SAS,spurs,San Antonio,khem_birch,2017,2022,Y,Y,Y,Undrafted,Undrafted,Undrafted,N
166,Bennedict Mathurin,6586800,SG,20,IND,78,17,28.5,5.3,12.2,0.434,1.3,4.0,0.323,4.0,8.2,0.488,0.487,4.8,5.8,0.828,1.1,3.0,4.1,1.5,0.6,0.2,1.9,2.1,16.7,mathube01,1631097,Bennedict,Mathurin,"Mathurin, Bennedict",B. Mathurin,bennedict-mathurin,2002-06-19T00:00:00,Arizona,Canada,Arizona/Canada,6-5,210,3,9,Guard-Forward,Active,Y,1610612746,Clippers,LAC,clippers,LA,bennedict_mathurin,2022,2025,N,Y,Y,2022,1,6,N
167,Bruce Brown,6479000,SF,26,DEN,80,31,28.5,4.5,9.3,0.483,1.1,3.2,0.358,3.3,6.1,0.548,0.545,1.5,1.9,0.758,0.8,3.3,4.1,3.4,1.1,0.6,1.5,2.4,11.5,brownbr01,1628971,Bruce,Brown,"Brown, Bruce",B. Brown,bruce-brown,1996-08-15T00:00:00,Miami,USA,Miami/USA,6-4,202,7,11,Guard-Forward,Active,Y,1610612743,Nuggets,DEN,nuggets,Denver,bruce_brown,2018,2025,Y,Y,Y,2018,2,42,N
168,Caleb Martin,6479000,SF,27,MIA,71,49,29.3,3.6,7.7,0.464,1.2,3.3,0.356,2.4,4.4,0.545,0.54,1.3,1.6,0.805,1.2,3.6,4.8,1.6,1.0,0.4,1.1,2.0,9.6,martica02,1628997,Caleb,Martin,"Martin, Caleb",C. Martin,caleb-martin,1995-09-28T00:00:00,Nevada,USA,Nevada/USA,6-5,205,6,16,Forward,Active,Y,1610612742,Mavericks,DAL,mavericks,Dallas,caleb_martin,2019,2025,Y,Y,Y,Undrafted,Undrafted,Undrafted,N
169,Joe Ingles,6479000,SF,35,MIL,46,0,22.7,2.3,5.4,0.435,1.8,4.4,0.409,0.5,1.0,0.556,0.603,0.4,0.5,0.857,0.3,2.5,2.8,3.3,0.7,0.1,1.2,1.6,6.9,inglejo01,204060,Joe,Ingles,"Ingles, Joe",J. Ingles,joe-ingles,1987-10-02T00:00:00,Maccabi Tel Aviv,Australia,Maccabi Tel Aviv/Australia,6-8,220,11,7,Forward-Guard,Active,Y,1610612750,Timberwolves,MIN,timberwolves,Minnesota,joe_ingles,2014,2025,N,Y,Y,Undrafted,Undrafted,Undrafted,N
170,Onyeka Okongwu,6395160,C,22,ATL,80,18,23.1,4.0,6.2,0.638,0.1,0.2,0.308,3.9,6.1,0.647,0.642,1.9,2.5,0.781,2.7,4.5,7.2,1.0,0.7,1.3,1.0,3.1,9.9,okongon01,1630168,Onyeka,Okongwu,"Okongwu, Onyeka",O. Okongwu,onyeka-okongwu,2000-12-11T00:00:00,Southern California,USA,Southern California/USA,6-10,240,5,17,Forward-Center,Active,Y,1610612737,Hawks,ATL,hawks,Atlanta,onyeka_okongwu,2020,2025,Y,Y,Y,2020,1,6,N
171,Josh Giddey,6287400,PF,20,OKC,76,76,31.1,7.1,14.7,0.482,1.0,3.1,0.325,6.1,11.6,0.524,0.516,1.4,1.9,0.731,1.9,5.9,7.9,6.2,0.8,0.4,2.8,1.9,16.6,giddejo01,1630581,Josh,Giddey,"Giddey, Josh",J. Giddey,josh-giddey,2002-10-10T00:00:00,NBA Global Academy,Australia,NBA Global Academy/Australia,6-7,214,4,3,Guard,Active,Y,1610612741,Bulls,CHI,bulls,Chicago,josh_giddey,2021,2025,N,Y,Y,2021,1,6,N
172,Rui Hachimura,6263188,PF,24,LAL/WAS,63,9,23.3,4.5,9.3,0.486,0.8,2.5,0.319,3.7,6.7,0.55,0.53,1.4,1.9,0.739,0.8,3.7,4.5,0.9,0.3,0.4,0.8,1.1,11.2,hachiru01,1629060,Rui,Hachimura,"Hachimura, Rui",R. Hachimura,rui-hachimura,1998-02-08T00:00:00,Gonzaga,Japan,Gonzaga/Japan,6-8,230,6,28,Forward,Active,Y,1610612747,Lakers,LAL,lakers,Los Angeles,rui_hachimura,2019,2025,N,Y,Y,2019,1,9,N
173,Rudy Gay,6184500,PF,36,UTA,56,0,14.6,1.9,5.1,0.38,0.6,2.3,0.254,1.4,2.8,0.484,0.437,0.8,0.9,0.857,0.6,2.3,2.9,1.0,0.3,0.3,0.7,1.2,5.2,gayru01,200752,Rudy,Gay,"Gay, Rudy",R. Gay,rudy-gay,1986-08-17T00:00:00,Connecticut,USA,Connecticut/USA,6-8,250,18,22,Forward-Guard,Inactive,N,1610612762,Jazz,UTA,jazz,Utah,rudy_gay,2006,2022,N,Y,Y,2006,1,8,N
174,Jevon Carter,6025000,PG,27,MIL,81,39,22.3,3.0,7.0,0.423,1.8,4.2,0.421,1.2,2.8,0.425,0.549,0.4,0.5,0.816,0.4,2.1,2.5,2.4,0.8,0.4,1.0,2.0,8.0,carteje01,1628975,Jevon,Carter,"Carter, Jevon",J. Carter,jevon-carter,1995-09-14T00:00:00,West Virginia,USA,West Virginia/USA,6-0,190,7,2,Guard,Active,Y,1610612753,Magic,ORL,magic,Orlando,jevon_carter,2018,2025,Y,Y,Y,2018,2,32,N
175,Shaedon Sharpe,6012960,SG,19,POR,80,15,22.2,3.8,8.1,0.472,1.3,3.5,0.36,2.6,4.6,0.559,0.551,0.9,1.3,0.714,0.8,2.2,3.0,1.2,0.5,0.3,1.0,1.7,9.9,sharpsh01,1631101,Shaedon,Sharpe,"Sharpe, Shaedon",S. Sharpe,shaedon-sharpe,2003-05-30T00:00:00,Kentucky,Canada,Kentucky/Canada,6-5,210,3,17,Guard,Active,Y,1610612757,Trail Blazers,POR,blazers,Portland,shaedon_sharpe,2022,2025,N,Y,Y,2022,1,7,N
176,Cameron Payne,6000000,PG,28,PHO,48,15,20.2,3.9,9.4,0.415,1.4,3.9,0.368,2.5,5.6,0.448,0.49,1.0,1.3,0.766,0.3,2.0,2.2,4.5,0.7,0.2,1.7,1.8,10.3,payneca01,1626166,Cameron,Payne,"Payne, Cameron",C. Payne,cameron-payne,1994-08-08T00:00:00,Murray State,USA,Murray State/USA,6-2,183,10,,Guard,Inactive,Y,0,,,,,cameron_payne,2015,2025,Y,Y,Y,2015,1,14,N
177,Justin Holiday,5987975,SF,33,DAL/ATL,46,2,15.3,1.7,4.4,0.377,1.0,3.1,0.322,0.7,1.3,0.508,0.49,0.1,0.2,0.625,0.1,1.1,1.2,0.9,0.4,0.4,0.5,1.5,4.5,holidju01,203200,Justin,Holiday,"Holiday, Justin",J. Holiday,justin-holiday,1989-04-05T00:00:00,Washington,USA,Washington/USA,6-6,180,12,9,Forward-Guard,Inactive,N,1610612743,Nuggets,DEN,nuggets,Denver,justin_holiday,2012,2023,Y,Y,Y,Undrafted,Undrafted,Undrafted,N
178,Cam Reddish,5954454,SF,23,NYK/POR,40,20,24.8,3.5,7.8,0.446,1.1,3.6,0.313,2.4,4.2,0.56,0.518,1.6,1.9,0.853,0.5,1.8,2.2,1.4,1.0,0.4,1.2,1.8,9.7,reddica01,1629629,Cam,Reddish,"Reddish, Cam",C. Reddish,cam-reddish,1999-09-01T00:00:00,Duke,USA,Duke/USA,6-7,217,5,,Forward-Guard,Inactive,Y,0,,,,,cameron_reddish,2019,2024,N,Y,Y,2019,1,10,N
179,Cameron Johnson,5887899,PF,26,BRK/PHO,42,41,28.5,5.3,11.3,0.47,2.5,6.1,0.404,2.9,5.2,0.548,0.579,2.4,2.9,0.842,0.8,3.6,4.4,1.9,1.2,0.3,0.9,2.0,15.5,johnsca02,1629661,Cameron,Johnson,"Johnson, Cameron",C. Johnson,cameron-johnson,1996-03-03T00:00:00,North Carolina,USA,North Carolina/USA,6-8,210,6,23,Forward,Active,Y,1610612743,Nuggets,DEN,nuggets,Denver,cameron_johnson,2019,2025,N,Y,Y,2019,1,11,N
180,Ricky Rubio,5853659,PG,32,CLE,33,2,17.2,1.8,5.4,0.343,0.6,2.5,0.256,1.2,2.9,0.417,0.402,0.8,1.1,0.8,0.3,1.8,2.1,3.5,0.8,0.2,0.9,1.5,5.2,rubiori01,201937,Ricky,Rubio,"Rubio, Ricky",R. Rubio,ricky-rubio,1990-10-21T00:00:00,FC Barcelona,Spain,FC Barcelona/Spain,6-2,190,13,13,Guard,Inactive,N,1610612739,Cavaliers,CLE,cavaliers,Cleveland,ricky_rubio,2011,2022,N,Y,Y,2009,1,5,N
181,Killian Hayes,5837760,PG,21,DET,76,56,28.3,4.0,10.7,0.377,1.1,3.8,0.28,3.0,7.0,0.429,0.426,1.2,1.5,0.821,0.4,2.5,2.9,6.2,1.4,0.4,2.3,2.9,10.3,hayeski01,1630165,Killian,Hayes,"Hayes, Killian",K. Hayes,killian-hayes,2001-07-27T00:00:00,Ratiopharm Ulm,France,Ratiopharm Ulm/France,6-4,195,5,7,Guard,Active,Y,1610612758,Kings,SAC,kings,Sacramento,killian_hayes,2020,2025,Y,Y,Y,2020,1,7,N
182,Jonathan Kuminga,5739840,PF,20,GSW,67,16,20.8,3.9,7.4,0.525,0.8,2.2,0.37,3.1,5.2,0.59,0.579,1.3,2.1,0.652,1.0,2.4,3.4,1.9,0.6,0.5,1.4,2.3,9.9,kuminjo01,1630228,Jonathan,Kuminga,"Kuminga, Jonathan",J. Kuminga,jonathan-kuminga,2002-10-06T00:00:00,NBA G League Ignite,DRC,NBA G League Ignite/DRC,6-7,225,4,0,Forward,Active,Y,1610612737,Hawks,ATL,hawks,Atlanta,jonathan_kuminga,2021,2025,Y,Y,Y,2021,1,7,N
183,Pat Connaughton,5728393,SF,30,MIL,61,33,23.7,2.7,6.9,0.392,1.8,5.3,0.339,0.9,1.6,0.566,0.521,0.4,0.7,0.659,0.8,3.8,4.6,1.3,0.6,0.2,0.5,1.1,7.6,connapa01,1626192,Pat,Connaughton,"Connaughton, Pat",P. Connaughton,pat-connaughton,1993-01-06T00:00:00,Notre Dame,USA,Notre Dame/USA,6-5,209,10,21,Guard,Active,Y,1610612766,Hornets,CHA,hornets,Charlotte,pat_connaughton,2015,2025,N,Y,Y,2015,2,41,N
184,Tyler Herro,5722116,SG,23,MIA,67,67,34.9,7.3,16.6,0.439,3.0,8.0,0.378,4.2,8.5,0.497,0.531,2.5,2.7,0.934,0.4,5.0,5.4,4.2,0.8,0.2,2.4,1.5,20.1,herroty01,1629639,Tyler,Herro,"Herro, Tyler",T. Herro,tyler-herro,2000-01-20T00:00:00,Kentucky,USA,Kentucky/USA,6-5,195,6,14,Guard,Active,Y,1610612748,Heat,MIA,heat,Miami,tyler_herro,2019,2025,N,Y,Y,2019,1,13,N
185,Romeo Langford,5634257,SG,23,SAS,43,21,19.6,2.8,6.0,0.467,0.4,1.4,0.262,2.4,4.6,0.53,0.498,0.9,1.3,0.696,1.3,1.3,2.7,1.2,0.6,0.3,0.7,1.6,6.9,langfro01,1629641,Romeo,Langford,"Langford, Romeo",R. Langford,romeo-langford,1999-10-25T00:00:00,Indiana,USA,Indiana/USA,6-5,216,5,35,Guard-Forward,Inactive,N,1610612759,Spurs,SAS,spurs,San Antonio,romeo_langford,2019,2022,Y,Y,Y,2019,1,14,N
186,Dyson Daniels,5508600,PG,19,NOP,59,11,17.7,1.5,3.5,0.418,0.5,1.5,0.314,1.0,2.1,0.492,0.483,0.4,0.7,0.65,0.6,2.6,3.2,2.3,0.7,0.2,1.0,1.7,3.8,daniedy01,1630700,Dyson,Daniels,"Daniels, Dyson",D. Daniels,dyson-daniels,2003-03-17T00:00:00,NBA G League Ignite,Australia,NBA G League Ignite/Australia,6-7,199,3,5,Guard,Active,Y,1610612737,Hawks,ATL,hawks,Atlanta,dyson_daniels,2021,2025,Y,Y,Y,2022,1,8,N
187,JaVale McGee,5461219,C,35,DAL,42,7,8.5,1.9,3.0,0.64,0.0,0.1,0.4,1.9,2.9,0.65,0.648,0.6,1.0,0.585,0.7,1.8,2.5,0.3,0.1,0.6,0.9,1.3,4.4,mcgeeja01,201580,JaVale,McGee,"McGee, JaVale",J. McGee,javale-mcgee,1988-01-19T00:00:00,Nevada,USA,Nevada/USA,7-0,270,17,00,Center-Forward,Inactive,N,1610612758,Kings,SAC,kings,Sacramento,javale_mcgee,2008,2023,N,Y,Y,2008,1,18,N
188,Goga Bitadze,5377520,C,23,ORL/IND,38,1,12.0,1.8,3.3,0.552,0.2,0.7,0.231,1.7,2.6,0.636,0.576,0.6,1.1,0.548,1.6,2.0,3.6,1.0,0.4,0.7,0.6,1.7,4.4,bitadgo01,1629048,Goga,Bitadze,"Bitadze, Goga",G. Bitadze,goga-bitadze,1999-07-20T00:00:00,Mega Basket,Georgia,Mega Basket/Georgia,6-11,250,6,35,Center-Forward,Active,Y,1610612753,Magic,ORL,magic,Orlando,goga_bitadze,2019,2025,Y,Y,Y,2019,1,18,N
189,Obi Toppin,5348280,PF,24,NYK,67,5,15.7,2.8,6.3,0.446,1.3,3.7,0.344,1.5,2.6,0.593,0.548,0.6,0.7,0.809,0.4,2.4,2.8,1.0,0.3,0.2,0.6,1.0,7.4,toppiob01,1630167,Obi,Toppin,"Toppin, Obi",O. Toppin,obi-toppin,1998-03-04T00:00:00,Dayton,USA,Dayton/USA,6-9,220,5,1,Forward,Active,Y,1610612754,Pacers,IND,pacers,Indiana,obi_toppin,2020,2025,N,Y,Y,2020,1,8,N
190,Franz Wagner,5258280,SF,21,ORL,80,80,32.6,6.8,14.0,0.485,1.6,4.5,0.361,5.2,9.5,0.544,0.543,3.4,4.0,0.842,0.9,3.2,4.1,3.5,1.0,0.2,2.1,2.3,18.6,wagnefr01,1630532,Franz,Wagner,"Wagner, Franz",F. Wagner,franz-wagner,2001-08-27T00:00:00,Michigan,Germany,Michigan/Germany,6-10,220,4,22,Forward,Active,Y,1610612753,Magic,ORL,magic,Orlando,franz_wagner,2021,2025,N,Y,Y,2021,1,8,N
191,Kendrick Nunn,5250000,SG,27,LAL/WAS,70,2,13.8,2.7,6.4,0.424,1.1,3.2,0.354,1.6,3.2,0.493,0.512,0.5,0.6,0.854,0.2,1.3,1.6,1.3,0.4,0.1,0.9,0.9,7.1,nunnke01,1629134,Kendrick,Nunn,"Nunn, Kendrick",K. Nunn,kendrick-nunn,1995-08-03T00:00:00,Oakland,USA,Oakland/USA,6-3,190,4,20,Guard,Inactive,N,1610612764,Wizards,WAS,wizards,Washington,kendrick_nunn,2018,2022,Y,Y,Y,Undrafted,Undrafted,Undrafted,N
192,Hamidou Diallo,5200000,SF,24,DET,56,0,17.8,3.8,6.7,0.573,0.1,0.4,0.238,3.8,6.3,0.593,0.58,1.6,2.6,0.588,1.0,2.4,3.5,1.0,0.9,0.3,1.3,2.2,9.3,diallha01,1628977,Hamidou,Diallo,"Diallo, Hamidou",H. Diallo,hamidou-diallo,1998-07-31T00:00:00,Kentucky,USA,Kentucky/USA,6-5,202,6,,Guard,Inactive,N,0,,,,,hamidou_diallo,2018,2023,Y,Y,Y,2018,2,45,N
193,Cory Joseph,5155500,PG,31,DET,62,2,19.8,2.4,5.7,0.427,1.1,2.9,0.389,1.3,2.8,0.468,0.527,0.9,1.2,0.792,0.3,1.4,1.7,3.5,0.5,0.1,0.9,1.4,6.9,josepco01,202709,Cory,Joseph,"Joseph, Cory",C. Joseph,cory-joseph,1991-08-20T00:00:00,Texas,Canada,Texas/Canada,6-2,200,15,10,Guard,Inactive,N,1610612753,Magic,ORL,magic,Orlando,cory_joseph,2011,2024,Y,Y,Y,2011,1,29,N
194,Garrett Temple,5155500,SG,36,NOP,25,0,6.5,0.7,1.8,0.4,0.4,1.0,0.423,0.3,0.8,0.368,0.522,0.1,0.2,0.75,0.2,0.5,0.7,0.5,0.4,0.1,0.2,0.6,2.0,templga01,202066,Garrett,Temple,"Temple, Garrett",G. Temple,garrett-temple,1986-05-08T00:00:00,Louisiana State,USA,Louisiana State/USA,6-5,195,15,17,Guard-Forward,Active,Y,1610612761,Raptors,TOR,raptors,Toronto,garrett_temple,2009,2025,Y,Y,Y,Undrafted,Undrafted,Undrafted,N
195,Torrey Craig,5121951,PF,32,PHO,79,60,24.7,2.9,6.3,0.456,1.3,3.2,0.395,1.6,3.1,0.518,0.556,0.4,0.6,0.711,1.8,3.6,5.4,1.5,0.6,0.8,0.9,2.3,7.4,craigto01,1628470,Torrey,Craig,"Craig, Torrey",T. Craig,torrey-craig,1990-12-19T00:00:00,South Carolina Upstate,USA,South Carolina Upstate/USA,6-5,221,9,12,Forward,Inactive,N,1610612738,Celtics,BOS,celtics,Boston,torrey_craig,2017,2024,Y,Y,Y,Undrafted,Undrafted,Undrafted,N
196,Jeremy Sochan,5063520,PF,19,SAS,56,53,26.0,4.5,9.9,0.453,0.6,2.4,0.246,3.9,7.5,0.519,0.483,1.4,2.1,0.698,1.7,3.6,5.3,2.5,0.8,0.4,1.7,2.5,11.0,sochaje01,1631110,Jeremy,Sochan,"Sochan, Jeremy",J. Sochan,jeremy-sochan,2003-05-20T00:00:00,Baylor,Poland,Baylor/Poland,6-8,230,3,20,Forward,Active,Y,1610612752,Knicks,NYK,knicks,New York,jeremy_sochan,2022,2025,N,Y,Y,2022,1,9,N
197,Nickeil Alexander-Walker,5009633,SG,24,MIN/UTA,59,3,15.0,2.2,5.0,0.444,1.0,2.7,0.384,1.2,2.3,0.515,0.547,0.7,1.0,0.667,0.3,1.5,1.7,1.8,0.5,0.4,0.9,1.5,6.2,alexani01,1629638,Nickeil,Alexander-Walker,"Alexander-Walker, Nickeil",N. Alexander-Walker,nickeil-alexander-walker,1998-09-02T00:00:00,Virginia Tech,Canada,Virginia Tech/Canada,6-5,205,6,7,Guard,Active,Y,1610612737,Hawks,ATL,hawks,Atlanta,nickeil_alexander-walker,2019,2025,Y,Y,Y,2019,1,17,N
198,Furkan Korkmaz,5000000,SG,25,PHI,37,0,9.5,1.3,3.0,0.432,0.5,1.2,0.391,0.8,1.8,0.462,0.514,0.7,1.0,0.722,0.2,1.0,1.1,0.6,0.3,0.1,0.6,0.5,3.8,korkmfu01,1627788,Furkan,Korkmaz,"Korkmaz, Furkan",F. Korkmaz,furkan-korkmaz,1997-07-24T00:00:00,Anadolu Efes,Turkey,Anadolu Efes/Turkey,6-7,202,7,,Guard-Forward,Inactive,N,0,,,,,furkan_korkmaz,2017,2023,Y,Y,Y,2016,1,26,N
199,Deni Avdija,4916160,SF,22,WAS,76,40,26.6,3.3,7.6,0.437,0.9,3.1,0.297,2.4,4.6,0.53,0.497,1.6,2.2,0.739,1.0,5.4,6.4,2.8,0.9,0.4,1.6,2.8,9.2,avdijde01,1630166,Deni,Avdija,"Avdija, Deni",D. Avdija,deni-avdija,2001-01-03T00:00:00,Maccabi Tel Aviv,Israel,Maccabi Tel Aviv/Israel,6-8,228,5,8,Forward,Active,Y,1610612757,Trail Blazers,POR,blazers,Portland,deni_avdija,2020,2025,N,Y,Y,2020,1,9,N
200,Davion Mitchell,4833600,PG,24,SAC,80,9,18.1,2.3,5.0,0.454,0.8,2.5,0.32,1.5,2.5,0.584,0.533,0.3,0.4,0.806,0.2,1.1,1.3,2.3,0.6,0.2,0.8,1.4,5.6,mitchda01,1630558,Davion,Mitchell,"Mitchell, Davion",D. Mitchell,davion-mitchell,1998-09-05T00:00:00,Baylor,USA,Baylor/USA,6-0,202,4,45,Guard,Active,Y,1610612748,Heat,MIA,heat,Miami,davion_mitchell,2021,2025,N,Y,Y,2021,1,9,N
201,Johnny Davis,4810320,SG,20,WAS,28,5,15.1,2.4,6.1,0.386,0.6,2.5,0.243,1.8,3.6,0.485,0.436,0.5,1.0,0.519,0.4,2.0,2.3,1.0,0.4,0.3,0.6,1.7,5.8,davisjo06,1631098,Johnny,Davis,"Davis, Johnny",J. Davis,johnny-davis,2002-02-27T00:00:00,Wisconsin,USA,Wisconsin/USA,6-4,195,4,,Guard,Inactive,N,0,,,,,johnny_davis,2022,2024,Y,Y,Y,2022,1,10,N
202,Ty Jerome,4728948,SG,25,GSW,45,2,18.1,2.6,5.4,0.488,0.8,2.0,0.389,1.8,3.4,0.546,0.56,0.8,0.9,0.927,0.2,1.6,1.7,3.0,0.5,0.1,0.7,1.4,6.9,jeromty01,1629660,Ty,Jerome,"Jerome, Ty",T. Jerome,ty-jerome,1997-07-08T00:00:00,Virginia,USA,Virginia/USA,6-5,195,6,2,Guard-Forward,Active,Y,1610612763,Grizzlies,MEM,grizzlies,Memphis,ty_jerome,2019,2025,Y,Y,Y,2019,1,24,N
203,Jalen Smith,4670160,C,22,IND,68,31,18.8,3.6,7.5,0.476,0.8,2.8,0.283,2.8,4.7,0.593,0.53,1.5,2.0,0.759,1.9,3.9,5.8,1.0,0.3,0.9,1.1,2.3,9.4,smithja04,1630188,Jalen,Smith,"Smith, Jalen",J. Smith,jalen-smith,2000-03-16T00:00:00,Maryland,USA,Maryland/USA,6-8,244,5,25,Forward-Center,Active,Y,1610612741,Bulls,CHI,bulls,Chicago,jalen_smith,2020,2025,Y,Y,Y,2020,1,10,N
204,Ziaire Williams,4591680,SF,21,MEM,37,4,15.2,2.3,5.3,0.429,0.7,2.6,0.258,1.6,2.7,0.596,0.492,0.5,0.6,0.773,0.4,1.7,2.1,0.9,0.4,0.2,1.0,1.6,5.7,willizi02,1630533,Ziaire,Williams,"Williams, Ziaire",Z. Williams,ziaire-williams,2001-09-12T00:00:00,Stanford,USA,Stanford/USA,6-9,185,4,1,Forward,Active,Y,1610612751,Nets,BKN,nets,Brooklyn,ziaire_williams,2021,2025,Y,Y,Y,2021,1,10,N
205,Ousmane Dieng,4569840,PF,19,OKC,39,1,14.6,1.9,4.6,0.42,0.7,2.5,0.265,1.3,2.1,0.602,0.492,0.4,0.6,0.652,0.5,2.2,2.7,1.2,0.4,0.2,0.7,1.1,4.9,diengou01,1631172,Ousmane,Dieng,"Dieng, Ousmane",O. Dieng,ousmane-dieng,2003-05-21T00:00:00,New Zealand Breakers,France,New Zealand Breakers/France,6-9,185,3,21,Forward,Active,Y,1610612749,Bucks,MIL,bucks,Milwaukee,ousmane_dieng,2022,2025,Y,Y,Y,2022,1,11,N
206,Jeff Green,4500000,PF,36,DEN,56,4,19.5,2.9,5.9,0.488,0.5,1.9,0.288,2.3,4.0,0.58,0.534,1.6,2.1,0.744,0.7,1.9,2.6,1.2,0.3,0.3,0.8,1.8,7.8,greenje02,201145,Jeff,Green,"Green, Jeff",J. Green,jeff-green,1986-08-28T00:00:00,Georgetown,USA,Georgetown/USA,6-8,235,18,32,Forward,Active,Y,1610612745,Rockets,HOU,rockets,Houston,jeff_green,2007,2025,N,Y,Y,2007,1,5,N
207,Donte DiVincenzo,4500000,SG,26,GSW,72,36,26.3,3.3,7.5,0.435,2.1,5.3,0.397,1.2,2.3,0.525,0.574,0.8,1.0,0.817,1.1,3.4,4.5,3.5,1.3,0.1,1.6,1.8,9.4,divindo01,1628978,Donte,DiVincenzo,"DiVincenzo, Donte",D. DiVincenzo,donte-divincenzo,1997-01-31T00:00:00,Villanova,USA,Villanova/USA,6-4,203,7,0,Guard,Active,Y,1610612750,Timberwolves,MIN,timberwolves,Minnesota,donte_divincenzo,2018,2025,Y,Y,Y,2018,1,17,N
208,Devin Vassell,4437000,SG,22,SAS,38,32,31.0,6.9,15.7,0.439,2.7,7.0,0.387,4.2,8.7,0.48,0.525,2.1,2.6,0.78,0.2,3.7,3.9,3.6,1.1,0.4,1.5,1.5,18.5,vassede01,1630170,Devin,Vassell,"Vassell, Devin",D. Vassell,devin-vassell,2000-08-23T00:00:00,Florida State,USA,Florida State/USA,6-5,200,5,24,Guard-Forward,Active,Y,1610612759,Spurs,SAS,spurs,San Antonio,devin_vassell,2020,2025,N,Y,Y,2020,1,11,N
209,Matisse Thybulle,4379526,SF-SG,25,PHI/POR,71,28,16.9,1.5,3.6,0.435,0.8,2.1,0.365,0.8,1.5,0.533,0.542,0.3,0.4,0.679,0.6,1.4,2.0,0.7,1.2,0.5,0.3,1.6,4.1,thybuma01,1629680,Matisse,Thybulle,"Thybulle, Matisse",M. Thybulle,matisse-thybulle,1997-03-04T00:00:00,Washington,USA,Washington/USA,6-5,202,6,4,Guard-Forward,Active,Y,1610612757,Trail Blazers,POR,blazers,Portland,matisse_thybulle,2019,2025,N,Y,Y,2019,1,20,N
210,Jarred Vanderbilt,4374000,PF,23,LAL/UTA,78,65,24.1,3.2,5.8,0.548,0.4,1.2,0.322,2.8,4.6,0.604,0.58,1.2,1.8,0.691,2.2,5.3,7.5,2.4,1.1,0.3,1.2,2.4,7.9,vandeja01,1629020,Jarred,Vanderbilt,"Vanderbilt, Jarred",J. Vanderbilt,jarred-vanderbilt,1999-04-03T00:00:00,Kentucky,USA,Kentucky/USA,6-8,214,7,2,Forward,Active,Y,1610612747,Lakers,LAL,lakers,Los Angeles,jarred_vanderbilt,2018,2025,Y,Y,Y,2018,2,41,N
211,James Bouknight,4362240,SG,22,CHO,34,0,15.1,2.0,5.7,0.358,1.0,3.2,0.303,1.1,2.5,0.429,0.443,0.6,0.9,0.667,0.2,1.9,2.1,1.2,0.4,0.1,0.9,1.4,5.6,bouknja01,1630547,James,Bouknight,"Bouknight, James",J. Bouknight,james-bouknight,2000-09-18T00:00:00,Connecticut,USA,Connecticut/USA,6-4,190,4,,Guard,Inactive,N,0,,,,,james_bouknight,2021,2023,Y,Y,Y,2021,1,11,N
212,Brandon Clarke,4343919,PF,26,MEM,56,8,19.5,4.1,6.2,0.656,0.0,0.1,0.167,4.1,6.1,0.665,0.658,1.8,2.4,0.723,1.6,3.9,5.5,1.3,0.6,0.7,1.0,2.3,10.0,clarkbr01,1629634,Brandon,Clarke,"Clarke, Brandon",B. Clarke,brandon-clarke,1996-09-19T00:00:00,Gonzaga,Canada,Gonzaga/Canada,6-8,215,6,15,Forward,Active,Y,1610612763,Grizzlies,MEM,grizzlies,Memphis,brandon_clarke,2019,2025,N,Y,Y,2019,1,21,N
213,Jalen Williams,4341480,SG,21,OKC,75,62,30.3,5.5,10.6,0.521,1.0,2.7,0.356,4.5,7.9,0.579,0.567,2.1,2.5,0.812,1.1,3.4,4.5,3.3,1.4,0.5,1.6,2.5,14.1,willija06,1631114,Jalen,Williams,"Williams, Jalen",J. Williams,jalen-williams,2001-04-14T00:00:00,Santa Clara,USA,Santa Clara/USA,6-5,211,3,8,Guard-Forward,Active,Y,1610612760,Thunder,OKC,thunder,Oklahoma City,jalen_williams,2022,2025,N,Y,Y,2022,1,12,N
214,Grant Williams,4306281,PF,24,BOS,79,23,25.9,2.7,6.0,0.454,1.5,3.7,0.395,1.3,2.3,0.546,0.575,1.2,1.5,0.77,1.1,3.5,4.6,1.7,0.5,0.4,1.0,2.4,8.1,willigr01,1629684,Grant,Williams,"Williams, Grant",G. Williams,grant-williams,1998-11-30T00:00:00,Tennessee,USA,Tennessee/USA,6-7,236,6,2,Forward,Active,Y,1610612766,Hornets,CHA,hornets,Charlotte,grant_williams,2019,2025,N,Y,Y,2019,1,22,N
215,Darius Bazley,4264628,C,22,OKC/PHO,43,1,14.3,1.9,4.3,0.454,0.5,1.2,0.377,1.5,3.0,0.485,0.508,0.9,1.6,0.543,0.8,2.4,3.2,0.9,0.5,0.8,0.6,1.0,5.2,bazleda01,1629647,Darius,Bazley,"Bazley, Darius",D. Bazley,darius-bazley,2000-06-12T00:00:00,Princeton HS (OH),USA,Princeton HS (OH)/USA,6-9,216,6,26,Forward,Inactive,N,1610612762,Jazz,UTA,jazz,Utah,darius_bazley,2019,2023,Y,Y,Y,2019,1,23,N
216,Tyrese Haliburton,4215120,PG,22,IND,56,56,33.6,7.4,15.0,0.49,2.9,7.2,0.4,4.5,7.8,0.572,0.586,3.1,3.6,0.871,0.6,3.1,3.7,10.4,1.6,0.4,2.5,1.2,20.7,halibty01,1630169,Tyrese,Haliburton,"Haliburton, Tyrese",T. Haliburton,tyrese-haliburton,2000-02-29T00:00:00,Iowa State,USA,Iowa State/USA,6-5,185,5,0,Guard,Active,N,1610612754,Pacers,IND,pacers,Indiana,tyrese_haliburton,2020,2025,N,Y,Y,2020,1,12,N
217,Nassir Little,4171548,SF,22,POR,54,4,18.1,2.5,5.6,0.442,1.1,2.9,0.367,1.4,2.7,0.524,0.538,0.6,0.9,0.717,0.5,2.1,2.6,0.9,0.4,0.4,0.7,1.2,6.6,littlna01,1629642,Nassir,Little,"Little, Nassir",N. Little,nassir-little,2000-02-11T00:00:00,North Carolina,USA,North Carolina/USA,6-6,220,6,25,Forward-Guard,Inactive,Y,1610612756,Suns,PHX,suns,Phoenix,nassir_little,2019,2023,Y,Y,Y,2019,1,25,N
218,Jalen Duren,4124280,C,19,DET,67,31,24.9,3.9,5.9,0.648,0.0,0.0,0.0,3.9,5.9,0.652,0.648,1.4,2.3,0.611,3.4,5.5,8.9,1.1,0.7,0.9,1.4,2.7,9.1,durenja01,1631105,Jalen,Duren,"Duren, Jalen",J. Duren,jalen-duren,2003-11-18T00:00:00,Memphis,USA,Memphis/USA,6-10,250,3,0,Center,Active,Y,1610612765,Pistons,DET,pistons,Detroit,jalen_duren,2022,2025,N,Y,Y,2022,1,13,N
219,Gorgui Dieng,4105236,C,33,SAS,31,1,11.5,1.5,3.8,0.385,0.7,2.4,0.28,0.8,1.4,0.571,0.474,0.3,0.4,0.769,0.9,2.6,3.5,1.7,0.1,0.5,1.0,1.8,3.9,dienggo01,203476,Gorgui,Dieng,"Dieng, Gorgui",G. Dieng,gorgui-dieng,1990-01-18T00:00:00,Louisville,Senegal,Louisville/Senegal,6-10,248,11,41,Center,Inactive,N,1610612759,Spurs,SAS,spurs,San Antonio,gorgui_dieng,2013,2022,N,Y,Y,2013,1,21,N
220,Justise Winslow,4097561,PF,26,POR,29,11,26.8,2.8,6.8,0.409,0.5,1.6,0.311,2.3,5.3,0.438,0.444,0.7,1.0,0.714,1.7,3.3,5.0,3.4,1.0,0.4,1.5,3.1,6.8,winslju01,1626159,Justise,Winslow,"Winslow, Justise",J. Winslow,justise-winslow,1996-03-26T00:00:00,Duke,USA,Duke/USA,6-6,222,9,26,Forward-Guard,Inactive,N,1610612757,Trail Blazers,POR,blazers,Portland,justise_winslow,2015,2022,Y,Y,Y,2015,1,10,N
221,Dylan Windler,4037277,SF,26,CLE,3,0,3.3,0.7,1.0,0.667,0.3,0.7,0.5,0.3,0.3,1.0,0.833,0.0,0.0,,0.0,0.0,0.0,0.3,0.3,0.0,0.3,0.0,1.7,windldy01,1629685,Dylan,Windler,"Windler, Dylan",D. Windler,dylan-windler,1996-09-22T00:00:00,Belmont,USA,Belmont/USA,6-7,196,5,20,Guard-Forward,Inactive,N,1610612737,Hawks,ATL,hawks,Atlanta,dylan_windler,2019,2023,Y,Y,Y,2019,1,26,N
222,Stanley Johnson,4022164,SF,26,SAS,30,0,15.6,2.2,4.1,0.533,0.6,1.3,0.45,1.6,2.7,0.573,0.607,0.9,1.3,0.667,0.7,2.4,3.2,2.2,0.5,0.2,1.1,1.6,5.8,johnsst04,1626169,Stanley,Johnson,"Johnson, Stanley",S. Johnson,stanley-johnson,1996-05-29T00:00:00,Arizona,USA,Arizona/USA,6-6,242,8,,Forward-Guard,Inactive,N,0,,,,,stanley_johnson,2015,2022,Y,Y,Y,2015,1,8,N
223,George Hill,4000000,PG-SG,36,MIL/IND,46,1,18.1,1.7,3.6,0.47,0.7,2.1,0.358,1.0,1.5,0.62,0.572,0.9,1.2,0.764,0.3,1.5,1.8,2.4,0.6,0.1,0.7,1.2,5.0,hillge01,201588,George,Hill,"Hill, George",G. Hill,george-hill,1986-05-04T00:00:00,Indiana-Purdue Indianapolis,USA,Indiana-Purdue Indianapolis/USA,6-4,188,16,7,Guard,Inactive,N,1610612754,Pacers,IND,pacers,Indiana,george_hill,2008,2022,N,Y,Y,2008,1,26,N
224,Terence Davis,4000000,SG,25,SAC,64,5,13.1,2.4,5.7,0.423,1.4,3.8,0.366,1.0,1.9,0.537,0.545,0.5,0.7,0.791,0.3,1.9,2.2,1.0,0.7,0.2,0.8,1.6,6.7,daviste02,1629056,Terence,Davis,"Davis, Terence",T. Davis,terence-davis,1997-05-16T00:00:00,Mississippi,USA,Mississippi/USA,6-4,201,6,3,Guard,Inactive,Y,1610612758,Kings,SAC,kings,Sacramento,terence_davis,2019,2024,Y,Y,Y,Undrafted,Undrafted,Undrafted,N
225,Chris Duarte,3936960,SF,25,IND,46,12,19.5,2.7,7.2,0.369,1.2,3.8,0.316,1.5,3.5,0.428,0.452,1.3,1.6,0.847,0.4,2.1,2.5,1.4,0.5,0.2,0.9,1.4,7.9,duartch01,1630537,Chris,Duarte,"Duarte, Chris",C. Duarte,chris-duarte,1997-06-13T00:00:00,Oregon,Dominican Republic,Oregon/Dominican Republic,6-5,190,3,,Guard,Inactive,Y,0,,,,,chris_duarte,2021,2024,Y,Y,Y,2021,1,13,N
226,Alex Len,3918600,C,29,SAC,26,2,6.2,0.6,1.2,0.533,0.0,0.1,0.0,0.6,1.1,0.571,0.533,0.4,0.6,0.688,0.9,1.4,2.3,0.5,0.2,0.4,0.6,1.1,1.7,lenal01,203458,Alex,Len,"Len, Alex",A. Len,alex-len,1993-06-16T00:00:00,Maryland,Ukraine,Maryland/Ukraine,7-0,250,13,27,Center,Inactive,Y,1610612747,Lakers,LAL,lakers,Los Angeles,alex_len,2013,2024,N,Y,Y,2013,1,5,N
227,Ochai Agbaji,3918360,SG,22,UTA,59,22,20.5,2.8,6.5,0.427,1.4,3.9,0.355,1.4,2.7,0.532,0.532,0.9,1.2,0.812,0.7,1.3,2.1,1.1,0.3,0.3,0.7,1.7,7.9,agbajoc01,1630534,Ochai,Agbaji,"Agbaji, Ochai",O. Agbaji,ochai-agbaji,2000-04-20T00:00:00,Kansas,USA,Kansas/USA,6-5,215,3,30,Guard,Active,Y,1610612751,Nets,BKN,nets,Brooklyn,ochai_agbaji,2022,2025,Y,Y,Y,2022,1,14,N
228,Jordan Poole,3901399,PG,23,GSW,82,43,30.0,6.7,15.6,0.43,2.6,7.8,0.336,4.1,7.8,0.524,0.514,4.4,5.1,0.87,0.4,2.4,2.7,4.5,0.8,0.3,3.1,2.6,20.4,poolejo01,1629673,Jordan,Poole,"Poole, Jordan",J. Poole,jordan-poole,1999-06-19T00:00:00,Michigan,USA,Michigan/USA,6-4,194,6,3,Guard,Active,Y,1610612740,Pelicans,NOP,pelicans,New Orleans,jordan_poole,2019,2025,Y,Y,Y,2019,1,28,N
229,Keldon Johnson,3873024,SF,23,SAS,63,63,32.7,8.0,17.7,0.452,2.1,6.5,0.329,5.9,11.2,0.523,0.512,3.9,5.2,0.749,0.9,4.2,5.0,2.9,0.7,0.2,2.1,2.0,22.0,johnske04,1629640,Keldon,Johnson,"Johnson, Keldon",K. Johnson,keldon-johnson,1999-10-11T00:00:00,Kentucky,USA,Kentucky/USA,6-6,220,6,3,Forward-Guard,Active,Y,1610612759,Spurs,SAS,spurs,San Antonio,keldon_johnson,2019,2025,Y,Y,Y,2019,1,29,N
230,James Johnson,3841067,PF,35,IND,18,1,9.0,1.2,2.7,0.449,0.2,0.8,0.2,1.1,1.9,0.559,0.48,0.2,0.4,0.5,0.2,1.4,1.7,0.8,0.4,0.3,0.4,1.8,2.8,johnsja01,201949,James,Johnson,"Johnson, James",J. Johnson,james-johnson,1987-02-20T00:00:00,Wake Forest,USA,Wake Forest/USA,6-7,240,17,16,Forward,Inactive,N,1610612754,Pacers,IND,pacers,Indiana,james_johnson,2009,2024,Y,Y,Y,2009,1,16,N
231,Aaron Nesmith,3804360,SF,23,IND,73,60,24.9,3.5,8.1,0.427,1.6,4.3,0.366,1.9,3.8,0.496,0.525,1.6,1.9,0.838,0.8,2.9,3.8,1.3,0.8,0.5,1.0,3.2,10.1,nesmiaa01,1630174,Aaron,Nesmith,"Nesmith, Aaron",A. Nesmith,aaron-nesmith,1999-10-16T00:00:00,Vanderbilt,USA,Vanderbilt/USA,6-5,215,5,23,Guard-Forward,Active,Y,1610612754,Pacers,IND,pacers,Indiana,aaron_nesmith,2020,2025,Y,Y,Y,2020,1,14,N
232,Moses Moody,3740160,SG,20,GSW,63,3,13.0,1.7,3.6,0.476,0.8,2.1,0.363,0.9,1.5,0.641,0.584,0.6,0.8,0.698,0.4,1.2,1.7,0.8,0.3,0.1,0.5,0.9,4.8,moodymo01,1630541,Moses,Moody,"Moody, Moses",M. Moody,moses-moody,2002-05-31T00:00:00,Arkansas,USA,Arkansas/USA,6-5,211,4,4,Guard,Active,Y,1610612744,Warriors,GSW,warriors,Golden State,moses_moody,2021,2025,Y,Y,Y,2021,1,14,N
233,Mark Williams,3722040,C,21,CHO,43,17,19.3,3.7,5.8,0.637,0.0,0.0,,3.7,5.8,0.637,0.637,1.6,2.3,0.691,2.2,4.9,7.1,0.4,0.7,1.0,0.9,2.2,9.0,willima07,1631109,Mark,Williams,"Williams, Mark",M. Williams,mark-williams,2001-12-16T00:00:00,Duke,USA,Duke/USA,7-1,240,3,15,Center,Active,Y,1610612756,Suns,PHX,suns,Phoenix,mark_williams,2022,2025,Y,Y,Y,2022,1,15,N
234,Cole Anthony,3613680,PG,22,ORL,60,4,25.9,4.6,10.2,0.454,1.3,3.4,0.364,3.4,6.7,0.5,0.516,2.5,2.8,0.894,0.8,4.0,4.8,3.9,0.6,0.5,1.5,2.6,13.0,anthoco01,1630175,Cole,Anthony,"Anthony, Cole",C. Anthony,cole-anthony,2000-05-15T00:00:00,North Carolina,USA,North Carolina/USA,6-2,185,5,,Guard,Inactive,Y,0,,,,,cole_anthony,2020,2025,N,Y,Y,2020,1,15,N
235,Corey Kispert,3552840,SF,23,WAS,74,45,28.3,3.9,7.9,0.497,2.2,5.2,0.424,1.7,2.7,0.637,0.637,1.0,1.2,0.852,0.4,2.4,2.8,1.2,0.4,0.1,0.7,1.3,11.1,kispeco01,1630557,Corey,Kispert,"Kispert, Corey",C. Kispert,corey-kispert,1999-03-03T00:00:00,Gonzaga,USA,Gonzaga/USA,6-6,224,4,24,Forward,Active,Y,1610612737,Hawks,ATL,hawks,Atlanta,corey_kispert,2021,2025,N,Y,Y,2021,1,15,N
236,AJ Griffin,3536160,SF,19,ATL,72,12,19.5,3.4,7.4,0.465,1.4,3.6,0.39,2.0,3.8,0.536,0.56,0.6,0.7,0.894,0.5,1.6,2.1,1.0,0.6,0.2,0.6,1.2,8.9,griffaj01,1631100,AJ,Griffin,"Griffin, AJ",A. Griffin,aj-griffin,2003-08-25T00:00:00,Duke,USA,Duke/USA,6-6,220,3,14,Forward,Inactive,N,1610612737,Hawks,ATL,hawks,Atlanta,aj_griffin,2022,2023,Y,Y,Y,2022,1,16,N
237,Mike Muscala,3500000,C,31,BOS/OKC,63,9,15.0,2.1,4.6,0.449,1.3,3.3,0.391,0.8,1.3,0.588,0.587,0.6,0.8,0.769,0.6,2.6,3.2,0.8,0.2,0.4,0.4,1.6,6.1,muscami01,203488,Mike,Muscala,"Muscala, Mike",M. Muscala,mike-muscala,1991-07-01T00:00:00,Bucknell,USA,Bucknell/USA,6-10,240,12,50,Forward-Center,Inactive,N,1610612760,Thunder,OKC,thunder,Oklahoma City,mike_muscala,2013,2023,Y,Y,Y,2013,2,44,N
238,Georges Niang,3465000,PF,29,PHI,78,1,19.4,2.8,6.4,0.442,2.0,4.9,0.401,0.9,1.5,0.576,0.596,0.5,0.6,0.867,0.2,2.1,2.4,1.0,0.4,0.2,0.7,1.9,8.2,niangge01,1627777,Georges,Niang,"Niang, Georges",G. Niang,georges-niang,1993-06-17T00:00:00,Iowa State,USA,Iowa State/USA,6-7,230,10,20,Forward,Inactive,N,1610612737,Hawks,ATL,hawks,Atlanta,georges_niang,2016,2024,Y,Y,Y,2016,2,50,N
239,Isaiah Stewart,3433320,C,21,DET,50,47,28.3,3.9,8.8,0.442,1.3,4.1,0.327,2.6,4.7,0.542,0.518,2.2,3.0,0.738,2.3,5.8,8.1,1.4,0.4,0.7,1.4,2.7,11.3,stewais01,1630191,Isaiah,Stewart,"Stewart, Isaiah",I. Stewart,isaiah-stewart,2001-05-22T00:00:00,Washington,USA,Washington/USA,6-8,250,5,28,Forward-Center,Active,Y,1610612765,Pistons,DET,pistons,Detroit,isaiah_stewart,2020,2025,N,Y,Y,2020,1,16,N
240,Chuma Okeke,3433320,SF,24,ORL,27,8,19.2,1.6,4.5,0.352,1.0,3.2,0.302,0.6,1.3,0.472,0.459,0.6,0.8,0.762,1.0,2.6,3.6,1.4,0.7,0.4,0.6,1.5,4.7,okekech01,1629643,Chuma,Okeke,"Okeke, Chuma",C. Okeke,chuma-okeke,1998-08-18T00:00:00,Auburn,USA,Auburn/USA,6-7,229,6,18,Forward,Inactive,N,1610612739,Cavaliers,CLE,cavaliers,Cleveland,chuma_okeke,2020,2024,Y,Y,Y,2019,1,16,N
241,Amir Coffey,3395062,SF,25,LAC,50,9,12.5,1.1,2.9,0.386,0.2,0.8,0.275,0.9,2.1,0.429,0.424,1.0,1.3,0.778,0.3,0.7,1.1,1.1,0.1,0.1,0.4,1.0,3.4,coffeam01,1629599,Amir,Coffey,"Coffey, Amir",A. Coffey,amir-coffey,1997-06-17T00:00:00,Minnesota,USA,Minnesota/USA,6-7,210,6,2,Guard-Forward,Active,Y,1610612756,Suns,PHX,suns,Phoenix,amir_coffey,2019,2025,Y,Y,Y,Undrafted,Undrafted,Undrafted,N
242,Tari Eason,3359160,PF,21,HOU,82,5,21.5,3.6,8.0,0.448,0.7,2.1,0.343,2.9,6.0,0.486,0.493,1.3,1.8,0.752,2.4,3.7,6.0,1.1,1.2,0.6,1.2,2.3,9.3,easonta01,1631106,Tari,Eason,"Eason, Tari",T. Eason,tari-eason,2001-05-10T00:00:00,Louisiana State,USA,Louisiana State/USA,6-8,215,3,17,Forward,Active,Y,1610612745,Rockets,HOU,rockets,Houston,tari_eason,2022,2025,N,Y,Y,2022,1,17,N
243,Aleksej Pokusevski,3261480,PF,21,OKC,34,25,20.6,3.2,7.3,0.434,1.1,3.1,0.365,2.1,4.3,0.483,0.51,0.6,1.0,0.629,1.3,3.4,4.7,1.9,0.6,1.3,1.3,1.7,8.1,pokusal01,1630197,Aleksej,Pokusevski,"Pokusevski, Aleksej",A. Pokusevski,aleksej-pokusevski,2001-12-26T00:00:00,Olympiacos,Serbia,Olympiacos/Serbia,7-0,210,5,17,Forward,Inactive,N,1610612766,Hornets,CHA,hornets,Charlotte,aleksej_pokusevski,2020,2023,Y,Y,Y,2020,1,17,N
244,Simone Fontecchio,3205128,SF,27,UTA,52,6,14.7,2.2,6.0,0.369,1.2,3.7,0.33,1.0,2.3,0.43,0.47,0.7,0.8,0.795,0.6,1.1,1.7,0.8,0.3,0.2,0.8,1.2,6.3,fontesi01,1631323,Simone,Fontecchio,"Fontecchio, Simone",S. Fontecchio,simone-fontecchio,1995-12-09T00:00:00,Baskonia,Italy,Baskonia/Italy,6-7,209,3,0,Forward,Active,Y,1610612748,Heat,MIA,heat,Miami,simone_fontecchio,2022,2025,N,Y,Y,Undrafted,Undrafted,Undrafted,N
245,Andre Drummond,3200000,C,29,CHI,67,0,12.7,2.5,4.1,0.606,0.0,0.0,0.0,2.5,4.0,0.613,0.606,1.0,1.9,0.536,2.1,4.6,6.6,0.5,0.7,0.4,1.1,1.7,6.0,drumman01,203083,Andre,Drummond,"Drummond, Andre",A. Drummond,andre-drummond,1993-08-10T00:00:00,Connecticut,USA,Connecticut/USA,6-11,279,13,1,Center,Active,Y,1610612755,76ers,PHI,sixers,Philadelphia,andre_drummond,2012,2025,N,Y,Y,2012,1,9,N
246,Dalen Terry,3191400,SG,20,CHI,38,0,5.6,0.8,1.9,0.444,0.2,0.7,0.259,0.7,1.2,0.556,0.493,0.4,0.6,0.667,0.3,0.7,1.0,0.6,0.3,0.1,0.2,0.6,2.2,terryda01,1631207,Dalen,Terry,"Terry, Dalen",D. Terry,dalen-terry,2002-07-12T00:00:00,Arizona,USA,Arizona/USA,6-6,210,3,14,Forward,Active,Y,1610612755,76ers,PHI,sixers,Philadelphia,dalen_terry,2022,2025,Y,Y,Y,2022,1,18,N
247,Sterling Brown,3122602,SF,27,LAL,4,0,6.0,0.0,1.0,0.0,0.0,0.5,0.0,0.0,0.5,0.0,0.0,0.0,0.0,,0.8,1.3,2.0,0.5,0.8,0.0,0.0,1.0,0.0,brownst02,1628425,Sterling,Brown,"Brown, Sterling",S. Brown,sterling-brown,1995-02-10T00:00:00,Southern Methodist,USA,Southern Methodist/USA,6-5,219,6,,Guard-Forward,Inactive,N,0,,,,,sterling_brown,2017,2022,Y,Y,Y,2017,2,46,N
248,Josh Green,3098400,SG,22,DAL,60,21,25.7,3.4,6.4,0.537,1.1,2.8,0.402,2.3,3.6,0.643,0.626,1.1,1.6,0.723,0.9,2.1,3.0,1.7,0.7,0.1,1.2,2.6,9.1,greenjo02,1630182,Josh,Green,"Green, Josh",J. Green,josh-green,2000-11-16T00:00:00,Arizona,Australia,Arizona/Australia,6-6,200,5,10,Guard,Active,Y,1610612766,Hornets,CHA,hornets,Charlotte,josh_green,2020,2025,Y,Y,Y,2020,1,18,N
249,Jake LaRavia,3047640,PF,21,MEM,35,0,11.8,1.1,2.7,0.389,0.7,2.0,0.338,0.4,0.7,0.542,0.516,0.2,0.3,0.778,0.5,1.3,1.8,0.6,0.3,0.1,0.5,1.4,3.0,laravja01,1631222,Jake,LaRavia,"LaRavia, Jake",J. LaRavia,jake-laravia,2001-11-03T00:00:00,Wake Forest,USA,Wake Forest/USA,6-7,235,3,12,Forward,Active,Y,1610612747,Lakers,LAL,lakers,Los Angeles,jake_laravia,2022,2025,Y,Y,Y,2022,1,19,N
250,Tre Mann,3046200,PG,21,OKC,67,5,17.7,2.9,7.5,0.393,1.2,3.8,0.315,1.7,3.6,0.475,0.474,0.6,0.8,0.764,0.4,1.9,2.3,1.8,0.6,0.2,0.9,1.5,7.7,manntr01,1630544,Tre,Mann,"Mann, Tre",T. Mann,tre-mann,2001-02-03T00:00:00,Florida,USA,Florida/USA,6-4,178,4,23,Guard,Active,Y,1610612766,Hornets,CHA,hornets,Charlotte,tre_mann,2021,2025,Y,Y,Y,2021,1,18,N
252,Saddiq Bey,2959080,SF,23,DET/ATL,77,37,27.6,4.6,10.9,0.422,2.0,5.4,0.361,2.6,5.4,0.483,0.513,2.7,3.1,0.861,1.3,3.4,4.7,1.5,0.9,0.2,0.9,1.6,13.8,beysa01,1630180,Saddiq,Bey,"Bey, Saddiq",S. Bey,saddiq-bey,1999-04-09T00:00:00,Villanova,USA,Villanova/USA,6-8,215,5,41,Guard-Forward,Active,Y,1610612740,Pelicans,NOP,pelicans,New Orleans,saddiq_bey,2020,2025,N,Y,Y,2020,1,19,N
253,Malaki Branham,2925600,SG,19,SAS,66,32,23.5,4.1,9.3,0.44,1.2,3.9,0.302,2.9,5.4,0.539,0.503,0.9,1.1,0.829,0.4,2.3,2.7,1.9,0.5,0.1,1.2,1.7,10.2,branhma01,1631103,Malaki,Branham,"Branham, Malaki",M. Branham,malaki-branham,2003-05-12T00:00:00,Ohio State,USA,Ohio State/USA,6-4,180,3,,Forward,Inactive,Y,0,,,,,malaki_branham,2022,2025,Y,Y,Y,2022,1,20,N
254,Joe Wieskamp,2909261,SF,23,TOR,9,0,5.6,0.3,1.6,0.214,0.3,1.3,0.25,0.0,0.2,0.0,0.321,0.0,0.0,,0.0,0.4,0.4,0.3,0.0,0.0,0.1,0.3,1.0,wieskjo01,1630580,Joe,Wieskamp,"Wieskamp, Joe",J. Wieskamp,joe-wieskamp,1999-08-23T00:00:00,Iowa,USA,Iowa/USA,6-6,205,3,11,Guard-Forward,Inactive,N,1610612761,Raptors,TOR,raptors,Toronto,joe_wieskamp,2021,2022,Y,Y,Y,2021,2,41,N
255,Kai Jones,2909040,C,22,CHO,46,0,12.0,1.5,2.6,0.558,0.1,0.4,0.211,1.4,2.2,0.624,0.575,0.4,0.6,0.731,0.8,1.9,2.7,0.3,0.4,0.7,0.7,1.4,3.4,joneska01,1630539,Kai,Jones,"Jones, Kai",K. Jones,kai-jones,2001-01-19T00:00:00,Texas,Bahamas,Texas/Bahamas,6-11,221,4,23,Center-Forward,Inactive,N,1610612742,Mavericks,DAL,mavericks,Dallas,kai_jones,2021,2024,Y,Y,Y,2021,1,19,N
256,Blake Griffin,2905851,C,33,BOS,41,16,13.9,1.5,3.2,0.485,0.6,1.6,0.348,1.0,1.6,0.625,0.573,0.5,0.8,0.656,1.1,2.6,3.8,1.5,0.3,0.2,0.5,1.8,4.1,griffbl01,201933,Blake,Griffin,"Griffin, Blake",B. Griffin,blake-griffin,1989-03-16T00:00:00,Oklahoma,USA,Oklahoma/USA,6-9,250,14,91,Forward,Inactive,N,1610612738,Celtics,BOS,celtics,Boston,blake_griffin,2009,2022,N,Y,Y,2009,1,1,N
257,Robin Lopez,2905851,C,34,CLE,37,2,8.1,1.3,2.0,0.64,0.1,0.1,0.5,1.2,1.9,0.648,0.653,0.4,0.5,0.778,0.6,0.8,1.4,0.5,0.1,0.2,0.7,1.2,3.0,lopezro01,201577,Robin,Lopez,"Lopez, Robin",R. Lopez,robin-lopez,1988-04-01T00:00:00,Stanford,USA,Stanford/USA,7-1,281,16,,Center,Inactive,N,0,,,,,robin_lopez,2008,2023,N,Y,Y,2008,1,15,N
258,Markieff Morris,2905851,PF,33,BRK/DAL,35,2,10.1,1.3,3.3,0.409,0.8,2.0,0.394,0.5,1.3,0.432,0.53,0.3,0.3,1.0,0.4,1.7,2.0,0.9,0.3,0.1,0.5,1.4,3.8,morrima02,202693,Markieff,Morris,"Morris, Markieff",M. Morris,markieff-morris,1989-09-02T00:00:00,Kansas,USA,Kansas/USA,6-9,245,15,88,Forward,Inactive,N,1610612747,Lakers,LAL,lakers,Los Angeles,markieff_morris,2011,2024,N,Y,Y,2011,1,13,N
259,Andre Iguodala,2905851,PF,39,GSW,8,0,14.1,0.9,1.9,0.467,0.1,1.1,0.111,0.8,0.8,1.0,0.5,0.3,0.4,0.667,0.4,1.8,2.1,2.4,0.5,0.4,1.1,1.4,2.1,iguodan01,2738,Andre,Iguodala,"Iguodala, Andre",A. Iguodala,andre-iguodala,1984-01-28T00:00:00,Arizona,USA,Arizona/USA,6-6,215,20,9,Guard-Forward,Inactive,N,1610612744,Warriors,GSW,warriors,Golden State,andre_iguodala,2004,2022,N,Y,Y,2004,1,9,N
260,Serge Ibaka,2905851,C,33,MIL,16,0,11.6,1.6,3.4,0.481,0.4,1.1,0.333,1.3,2.3,0.556,0.537,0.5,0.8,0.615,0.9,1.8,2.8,0.3,0.1,0.4,0.7,1.4,4.1,ibakase01,201586,Serge,Ibaka,"Ibaka, Serge",S. Ibaka,serge-ibaka,1989-09-18T00:00:00,Ricoh Manresa,Democratic Republic of the Congo,Ricoh Manresa/Democratic Republic of the Congo,6-11,235,14,,Forward,Inactive,N,0,,,,,serge_ibaka,2009,2022,Y,Y,Y,2008,1,24,N
261,Udonis Haslem,2905851,C,42,MIA,7,1,10.1,1.4,4.1,0.345,0.4,1.3,0.333,1.0,2.9,0.35,0.397,0.6,0.7,0.8,0.6,1.0,1.6,0.0,0.1,0.3,0.1,1.6,3.9,hasleud01,2617,Udonis,Haslem,"Haslem, Udonis",U. Haslem,udonis-haslem,1980-06-09T00:00:00,Florida,USA,Florida/USA,6-7,235,21,40,Forward,Inactive,N,1610612748,Heat,MIA,heat,Miami,udonis_haslem,2003,2022,N,Y,Y,Undrafted,Undrafted,Undrafted,N
262,Wesley Matthews,2905851,SF,36,MIL,52,0,15.8,1.1,3.1,0.363,0.8,2.4,0.315,0.4,0.7,0.528,0.484,0.5,0.5,0.857,0.7,1.5,2.2,0.7,0.4,0.3,0.3,1.4,3.4,matthwe02,202083,Wesley,Matthews,"Matthews, Wesley",W. Matthews,wesley-matthews,1986-10-14T00:00:00,Marquette,USA,Marquette/USA,6-5,220,16,32,Guard,Inactive,N,1610612737,Hawks,ATL,hawks,Atlanta,wesley_matthews,2009,2023,N,Y,Y,Undrafted,Undrafted,Undrafted,N
263,Austin Rivers,2905851,SG,30,MIN,52,10,19.5,1.8,4.0,0.435,0.8,2.4,0.35,0.9,1.7,0.558,0.538,0.6,0.8,0.769,0.1,1.5,1.6,1.4,0.5,0.1,0.4,1.5,4.9,riverau01,203085,Austin,Rivers,"Rivers, Austin",A. Rivers,austin-rivers,1992-08-01T00:00:00,Duke,USA,Duke/USA,6-4,200,12,25,Guard,Inactive,N,1610612750,Timberwolves,MIN,timberwolves,Minnesota,austin_rivers,2012,2022,N,Y,Y,2012,1,10,N
264,Bismack Biyombo,2905851,C,30,PHO,61,14,14.3,2.0,3.4,0.578,0.0,0.0,,2.0,3.4,0.578,0.578,0.4,1.1,0.357,1.5,2.8,4.3,0.9,0.3,1.4,0.8,1.9,4.3,biyombi01,202687,Bismack,Biyombo,"Biyombo, Bismack",B. Biyombo,bismack-biyombo,1992-08-28T00:00:00,Baloncesto Fuenlabrada,DRC,Baloncesto Fuenlabrada/DRC,6-8,255,14,18,Center,Active,Y,1610612759,Spurs,SAS,spurs,San Antonio,bismack_biyombo,2011,2025,N,Y,Y,2011,1,7,N
265,Taj Gibson,2905851,C,37,WAS,49,2,9.8,1.3,2.6,0.52,0.2,0.5,0.333,1.2,2.1,0.564,0.552,0.6,0.9,0.714,0.7,1.2,1.9,0.7,0.3,0.2,0.5,1.7,3.4,gibsota01,201959,Taj,Gibson,"Gibson, Taj",T. Gibson,taj-gibson,1985-06-24T00:00:00,Southern California,USA,Southern California/USA,6-9,232,16,67,Forward,Active,Y,1610612763,Grizzlies,MEM,grizzlies,Memphis,taj_gibson,2009,2025,N,Y,Y,2009,1,26,N
266,Precious Achiuwa,2840160,C,23,TOR,55,12,20.7,3.6,7.3,0.485,0.5,2.0,0.269,3.0,5.4,0.564,0.521,1.6,2.3,0.702,1.8,4.1,6.0,0.9,0.6,0.5,1.1,1.9,9.2,achiupr01,1630173,Precious,Achiuwa,"Achiuwa, Precious",P. Achiuwa,precious-achiuwa,1999-09-19T00:00:00,Memphis,Nigeria,Memphis/Nigeria,6-8,243,5,9,Forward,Active,Y,1610612758,Kings,SAC,kings,Sacramento,precious_achiuwa,2020,2025,N,Y,Y,2020,1,20,N
267,Christian Braun,2808600,SG,21,DEN,76,6,15.5,1.9,3.8,0.495,0.4,1.3,0.354,1.4,2.5,0.565,0.554,0.5,0.8,0.625,0.6,1.8,2.4,0.8,0.5,0.2,0.5,1.3,4.7,braunch01,1631128,Christian,Braun,"Braun, Christian",C. Braun,christian-braun,2001-04-17T00:00:00,Kansas,USA,Kansas/USA,6-6,220,3,0,Guard,Active,Y,1610612743,Nuggets,DEN,nuggets,Denver,christian_braun,2022,2025,N,Y,Y,2022,1,21,N
268,Jordan Nwora,2800000,SF,24,MIL/IND,62,14,19.2,3.1,7.2,0.436,1.4,3.4,0.408,1.7,3.8,0.462,0.533,1.1,1.4,0.791,0.8,2.9,3.7,1.4,0.4,0.2,1.1,1.2,8.7,nworajo01,1629670,Jordan,Nwora,"Nwora, Jordan",J. Nwora,jordan-nwora,1998-09-09T00:00:00,Louisville,USA,Louisville/USA,6-8,225,5,13,Forward,Inactive,N,1610612761,Raptors,TOR,raptors,Toronto,jordan_nwora,2020,2023,Y,Y,Y,2020,2,45,N
269,Jalen Johnson,2792640,SF,21,ATL,70,6,14.9,2.3,4.6,0.491,0.4,1.5,0.288,1.8,3.1,0.587,0.537,0.7,1.1,0.628,0.7,3.3,4.0,1.2,0.5,0.5,0.6,1.6,5.6,johnsja05,1630552,Jalen,Johnson,"Johnson, Jalen",J. Johnson,jalen-johnson,2001-12-18T00:00:00,Duke,USA,Duke/USA,6-8,219,4,1,Forward,Active,Y,1610612737,Hawks,ATL,hawks,Atlanta,jalen_johnson,2021,2025,Y,Y,Y,2021,1,20,N
270,Tyrese Maxey,2726880,SG,22,PHI,60,41,33.6,7.3,15.2,0.481,2.7,6.2,0.434,4.7,9.1,0.513,0.568,3.0,3.6,0.845,0.4,2.6,2.9,3.5,0.8,0.1,1.3,2.2,20.3,maxeyty01,1630178,Tyrese,Maxey,"Maxey, Tyrese",T. Maxey,tyrese-maxey,2000-11-04T00:00:00,Kentucky,USA,Kentucky/USA,6-2,200,5,0,Guard,Active,Y,1610612755,76ers,PHI,sixers,Philadelphia,tyrese_maxey,2020,2025,N,Y,Y,2020,1,21,N
271,Bruno Fernando,2717391,C,24,HOU/ATL,39,4,10.4,1.5,2.9,0.527,0.0,0.1,0.0,1.5,2.8,0.546,0.527,0.9,1.3,0.7,1.4,2.1,3.5,0.8,0.2,0.9,0.6,1.9,3.9,fernabr01,1628981,Bruno,Fernando,"Fernando, Bruno",B. Fernando,bruno-fernando,1998-08-15T00:00:00,Maryland,Angola,Maryland/Angola,6-9,240,5,,Forward-Center,Inactive,Y,0,,,,,bruno_fernando,2019,2024,Y,Y,Y,2019,2,34,N
272,Walker Kessler,2696400,C,21,UTA,74,40,23.0,4.0,5.6,0.72,0.0,0.0,0.333,4.0,5.6,0.723,0.721,1.1,2.1,0.516,3.1,5.3,8.4,0.9,0.4,2.3,0.8,2.3,9.2,kesslwa01,1631117,Walker,Kessler,"Kessler, Walker",W. Kessler,walker-kessler,2001-07-26T00:00:00,Auburn,USA,Auburn/USA,7-2,245,3,24,Center,Active,Y,1610612762,Jazz,UTA,jazz,Utah,walker_kessler,2022,2025,N,Y,Y,2022,1,22,N
273,Keon Johnson,2681040,SG,20,POR,40,0,10.4,1.7,4.5,0.376,0.7,2.0,0.346,1.0,2.4,0.402,0.455,0.7,1.0,0.659,0.3,0.8,1.1,1.5,0.5,0.2,1.1,1.1,4.7,johnske07,1630553,Keon,Johnson,"Johnson, Keon",K. Johnson,keon-johnson,2002-03-10T00:00:00,Tennessee,USA,Tennessee/USA,6-5,185,5,45,Guard,Inactive,N,1610612751,Nets,BKN,nets,Brooklyn,keon_johnson,2021,2024,Y,Y,Y,2021,1,21,N
274,Charles Bassey,2674742,C,22,SAS,35,2,14.5,2.5,3.9,0.644,0.1,0.2,0.375,2.4,3.6,0.661,0.656,0.6,1.1,0.595,2.1,3.4,5.5,1.3,0.5,0.9,1.2,2.1,5.7,bassech01,1629646,Charles,Bassey,"Bassey, Charles",C. Bassey,charles-bassey,2000-10-28T00:00:00,Western Kentucky,Nigeria,Western Kentucky/Nigeria,6-10,230,4,28,Center-Forward,Active,Y,1610612744,Warriors,GSW,warriors,Golden State,charles_bassey,2021,2025,Y,Y,Y,2021,2,53,N
275,Matthew Dellavedova,2628597,PG,32,SAC,32,0,6.7,0.5,1.6,0.34,0.3,0.8,0.333,0.3,0.7,0.348,0.43,0.1,0.2,0.571,0.0,0.4,0.4,1.3,0.2,0.0,0.3,0.6,1.5,dellama01,203521,Matthew,Dellavedova,"Dellavedova, Matthew",M. Dellavedova,matthew-dellavedova,1990-09-08T00:00:00,Saint Mary's,Australia,Saint Mary's/Australia,6-3,200,10,8,Guard,Inactive,N,1610612758,Kings,SAC,kings,Sacramento,matthew_dellavedova,2013,2022,N,Y,Y,Undrafted,Undrafted,Undrafted,N
276,Trey Lyles,2625000,PF,27,SAC,74,0,16.9,2.5,5.5,0.458,1.2,3.2,0.363,1.4,2.3,0.595,0.565,1.4,1.7,0.815,0.9,3.1,4.1,0.9,0.4,0.4,0.9,1.3,7.6,lylestr01,1626168,Trey,Lyles,"Lyles, Trey",T. Lyles,trey-lyles,1995-11-05T00:00:00,Kentucky,Canada,Kentucky/Canada,6-9,234,11,41,Forward,Inactive,N,1610612758,Kings,SAC,kings,Sacramento,trey_lyles,2015,2024,N,Y,Y,2015,1,12,N
277,Zeke Nnaji,2617800,PF,22,DEN,53,5,13.7,2.1,3.7,0.561,0.3,1.2,0.262,1.8,2.5,0.71,0.605,0.8,1.2,0.645,1.2,1.4,2.6,0.3,0.3,0.4,0.6,2.0,5.2,nnajize01,1630192,Zeke,Nnaji,"Nnaji, Zeke",Z. Nnaji,zeke-nnaji,2001-01-09T00:00:00,Arizona,USA,Arizona/USA,6-10,240,5,22,Forward-Center,Active,Y,1610612743,Nuggets,DEN,nuggets,Denver,zeke_nnaji,2020,2025,N,Y,Y,2020,1,22,N
278,David Roddy,2588640,PF,21,MEM,70,4,18.0,2.6,6.0,0.429,0.9,3.0,0.307,1.6,3.0,0.553,0.506,0.6,0.9,0.631,0.7,2.0,2.8,0.8,0.4,0.3,0.8,1.5,6.7,roddyda01,1631223,David,Roddy,"Roddy, David",D. Roddy,david-roddy,2001-03-27T00:00:00,Colorado State,USA,Colorado State/USA,6-5,255,3,45,Forward,Active,Y,1610612743,Nuggets,DEN,nuggets,Denver,david_roddy,2022,2025,Y,Y,Y,2022,1,23,N
279,Isaiah Jackson,2573760,C,21,IND,63,12,16.5,2.8,5.0,0.563,0.0,0.2,0.143,2.8,4.8,0.582,0.566,1.5,2.3,0.651,1.8,2.7,4.5,0.8,0.5,1.5,0.8,2.4,7.2,jacksis01,1630543,Isaiah,Jackson,"Jackson, Isaiah",I. Jackson,isaiah-jackson,2002-01-10T00:00:00,Kentucky,USA,Kentucky/USA,6-8,205,4,23,Forward,Active,Y,1610612746,Clippers,LAC,clippers,LA,isaiah_jackson,2021,2025,Y,Y,Y,2021,1,22,N
280,MarJon Beauchamp,2485200,SF,22,MIL,52,11,13.5,1.8,4.7,0.395,0.9,2.7,0.331,0.9,1.9,0.485,0.492,0.5,0.7,0.73,0.7,1.5,2.2,0.7,0.4,0.1,0.9,1.4,5.1,beaucma01,1630699,MarJon,Beauchamp,"Beauchamp, MarJon",M. Beauchamp,marjon-beauchamp,2000-10-12T00:00:00,NBA G League Ignite,USA,NBA G League Ignite/USA,6-7,199,3,16,Forward,Active,Y,1610612755,76ers,PHI,sixers,Philadelphia,marjon_beauchamp,2021,2025,Y,Y,Y,2022,1,24,N
281,Usman Garuba,2471160,C,20,HOU,75,1,12.9,1.1,2.4,0.486,0.3,0.8,0.407,0.8,1.6,0.525,0.554,0.4,0.6,0.617,1.6,2.5,4.1,0.9,0.6,0.4,0.6,1.8,3.0,garubus01,1630586,Usman,Garuba,"Garuba, Usman",U. Garuba,usman-garuba,2002-03-09T00:00:00,Real Madrid,Spain,Real Madrid/Spain,6-8,229,4,12,Forward,Inactive,N,1610612744,Warriors,GSW,warriors,Golden State,usman_garuba,2021,2023,Y,Y,Y,2021,1,23,N
282,Raul Neto,2463490,PG,30,CLE,48,1,10.5,1.2,2.3,0.518,0.3,0.9,0.286,0.9,1.4,0.662,0.573,0.6,0.7,0.912,0.2,0.8,1.0,1.6,0.4,0.1,0.5,1.0,3.3,netora01,203526,Raul,Neto,"Neto, Raul",R. Neto,raul-neto,1992-05-19T00:00:00,Murcia,Brazil,Murcia/Brazil,6-2,180,9,19,Guard,Inactive,N,1610612739,Cavaliers,CLE,cavaliers,Cleveland,raul_neto,2015,2022,Y,Y,Y,2013,2,47,N
283,Frank Kaminsky,2463490,C,29,HOU/ATL,36,0,6.5,0.9,1.8,0.492,0.4,0.9,0.394,0.5,0.8,0.6,0.595,0.4,0.4,0.875,0.2,1.3,1.4,0.9,0.2,0.1,0.3,0.6,2.5,kaminfr01,1626163,Frank,Kaminsky,"Kaminsky, Frank",F. Kaminsky,frank-kaminsky,1993-04-04T00:00:00,Wisconsin,USA,Wisconsin/USA,7-0,240,9,33,Forward-Center,Inactive,Y,1610612745,Rockets,HOU,rockets,Houston,frank_kaminsky,2015,2022,Y,Y,Y,2015,1,9,N
284,Montrezl Harrell,2463490,C,29,PHI,57,7,11.9,2.2,3.7,0.598,0.0,0.1,0.0,2.2,3.6,0.616,0.598,1.2,1.8,0.693,1.2,1.6,2.8,0.6,0.3,0.4,0.6,1.3,5.6,harremo01,1626149,Montrezl,Harrell,"Harrell, Montrezl",M. Harrell,montrezl-harrell,1994-01-26T00:00:00,Louisville,USA,Louisville/USA,6-7,240,9,5,Forward-Center,Inactive,N,1610612755,76ers,PHI,sixers,Philadelphia,montrezl_harrell,2015,2022,Y,Y,Y,2015,2,32,N
285,Blake Wesley,2385480,SG,19,SAS,37,1,18.1,1.9,5.8,0.321,0.5,1.4,0.385,1.3,4.4,0.301,0.367,0.7,1.2,0.591,0.3,1.9,2.2,2.7,0.7,0.1,1.8,1.8,5.0,weslebl01,1631104,Blake,Wesley,"Wesley, Blake",B. Wesley,blake-wesley,2003-03-16T00:00:00,Notre Dame,USA,Notre Dame/USA,6-4,190,3,1,Guard,Active,Y,1610612757,Trail Blazers,POR,blazers,Portland,blake_wesley,2022,2025,Y,Y,Y,2022,1,25,N
286,Josh Christopher,2372160,SG,21,HOU,64,2,12.3,2.4,5.1,0.465,0.3,1.4,0.236,2.1,3.8,0.55,0.497,0.7,0.9,0.75,0.3,0.8,1.1,1.1,0.5,0.2,0.9,0.9,5.8,chrisjo01,1630528,Josh,Christopher,"Christopher, Josh",J. Christopher,josh-christopher,2001-12-08T00:00:00,Arizona State,USA,Arizona State/USA,6-4,215,4,8,Guard,Inactive,N,1610612748,Heat,MIA,heat,Miami,josh_christopher,2021,2024,Y,Y,Y,2021,1,24,N
287,Isaiah Roby,2330681,PF,24,SAS,42,2,11.3,1.6,3.7,0.432,0.4,1.4,0.3,1.2,2.3,0.516,0.49,0.5,1.0,0.488,0.5,2.0,2.5,0.9,0.4,0.2,0.7,1.3,4.1,robyis01,1629676,Isaiah,Roby,"Roby, Isaiah",I. Roby,isaiah-roby,1998-02-03T00:00:00,Nebraska,USA,Nebraska/USA,6-8,230,5,18,Forward,Inactive,N,1610612752,Knicks,NYK,knicks,New York,roby_isaiah,2019,2022,Y,Y,Y,2019,2,45,N
288,Lindy Waters III,2316876,SG,25,OKC,41,0,13.0,1.7,4.3,0.393,1.4,4.0,0.358,0.3,0.4,0.75,0.556,0.4,0.5,0.8,0.4,1.4,1.8,0.7,0.3,0.3,0.2,1.0,5.2,waterli01,1630322,Lindy,Waters III,"Waters III, Lindy",L. Waters III,lindy-waters-iii,1997-07-28T00:00:00,Oklahoma State,USA,Oklahoma State/USA,6-5,210,4,43,Forward,Active,Y,1610612759,Spurs,SAS,spurs,San Antonio,lindy_waters_iii,2021,2025,Y,Y,Y,Undrafted,Undrafted,Undrafted,N
289,Immanuel Quickley,2316240,SG,23,NYK,81,21,28.9,5.2,11.6,0.448,2.1,5.6,0.37,3.1,6.0,0.521,0.537,2.5,3.1,0.819,0.7,3.4,4.2,3.4,1.0,0.2,1.2,2.0,14.9,quickim01,1630193,Immanuel,Quickley,"Quickley, Immanuel",I. Quickley,immanuel-quickley,1999-06-17T00:00:00,Kentucky,USA,Kentucky/USA,6-2,190,5,5,Guard,Active,Y,1610612761,Raptors,TOR,raptors,Toronto,immanuel_quickley,2020,2025,N,Y,Y,2020,1,25,N
290,John Konchar,2300000,SF,26,MEM,72,23,20.8,1.9,4.4,0.431,0.8,2.5,0.339,1.1,2.0,0.545,0.525,0.4,0.5,0.778,0.9,3.4,4.3,1.4,1.1,0.3,0.5,1.6,5.1,konchjo01,1629723,John,Konchar,"Konchar, John",J. Konchar,john-konchar,1996-03-22T00:00:00,Indiana-Purdue Fort Wayne,USA,Indiana-Purdue Fort Wayne/USA,6-5,210,6,55,Guard,Active,Y,1610612762,Jazz,UTA,jazz,Utah,john_konchar,2019,2025,Y,Y,Y,Undrafted,Undrafted,Undrafted,N
291,Rodney McGruder,2298385,SG,31,DET,32,12,16.4,1.9,4.8,0.408,1.3,3.0,0.423,0.7,1.7,0.382,0.543,0.6,0.7,0.818,0.6,1.7,2.3,0.9,0.5,0.0,0.3,1.2,5.7,mcgruro01,203585,Rodney,McGruder,"McGruder, Rodney",R. McGruder,rodney-mcgruder,1991-07-29T00:00:00,Kansas State,USA,Kansas State/USA,6-4,205,8,17,Guard,Inactive,N,1610612765,Pistons,DET,pistons,Detroit,rodney_mcgruder,2016,2022,Y,Y,Y,Undrafted,Undrafted,Undrafted,N
292,Bryn Forbes,2298385,SG,29,MIN,25,0,10.7,1.2,3.3,0.361,0.6,1.8,0.304,0.6,1.5,0.432,0.446,0.6,0.6,1.0,0.2,0.4,0.6,0.7,0.3,0.1,0.5,0.9,3.6,forbebr01,1627854,Bryn,Forbes,"Forbes, Bryn",B. Forbes,bryn-forbes,1993-07-23T00:00:00,Michigan State,USA,Michigan State/USA,6-2,205,7,,Guard,Inactive,N,0,,,,,bryn_forbes,2016,2022,Y,Y,Y,Undrafted,Undrafted,Undrafted,N
293,Damian Jones,2298385,C,27,LAL/UTA,41,1,11.6,1.3,2.1,0.64,0.2,0.4,0.588,1.1,1.7,0.652,0.698,0.5,0.7,0.759,1.0,2.0,3.0,0.4,0.2,0.5,0.6,1.3,3.5,jonesda03,1627745,Damian,Jones,"Jones, Damian",D. Jones,damian-jones,1995-06-30T00:00:00,Vanderbilt,USA,Vanderbilt/USA,6-10,245,9,30,Center,Inactive,N,1610612739,Cavaliers,CLE,cavaliers,Cleveland,damian_jones,2016,2023,Y,Y,Y,2016,1,30,N
294,Quentin Grimes,2277000,SG,22,NYK,71,66,29.9,4.0,8.5,0.468,2.2,5.7,0.386,1.8,2.7,0.641,0.599,1.1,1.4,0.796,0.7,2.5,3.2,2.1,0.7,0.4,1.0,2.5,11.3,grimequ01,1629656,Quentin,Grimes,"Grimes, Quentin",Q. Grimes,quentin-grimes,2000-05-08T00:00:00,Houston,USA,Houston/USA,6-5,207,4,5,Guard,Active,Y,1610612755,76ers,PHI,sixers,Philadelphia,quentin_grimes,2021,2025,N,Y,Y,2021,1,25,N
295,Saben Lee,2266640,PG,23,PHI/PHO,25,1,14.9,2.0,4.8,0.405,0.4,1.2,0.367,1.5,3.6,0.418,0.45,1.7,2.3,0.737,0.5,1.3,1.8,2.7,0.8,0.0,1.0,1.3,6.0,leesa01,1630240,Saben,Lee,"Lee, Saben",S. Lee,saben-lee,1999-06-23T00:00:00,Vanderbilt,USA,Vanderbilt/USA,6-2,183,5,38,Guard,Inactive,N,1610612756,Suns,PHX,suns,Phoenix,saban_lee,2020,2023,Y,Y,Y,2020,2,38,N
296,Andrew Nembhard,2244111,SG,23,IND,75,63,27.6,3.8,8.6,0.441,1.2,3.5,0.35,2.6,5.1,0.504,0.512,0.7,0.8,0.79,0.5,2.2,2.7,4.5,0.9,0.2,1.7,2.4,9.5,nembhan01,1629614,Andrew,Nembhard,"Nembhard, Andrew",A. Nembhard,andrew-nembhard,2000-01-16T00:00:00,Gonzaga,Canada,Gonzaga/Canada,6-4,191,3,2,Guard-Forward,Active,Y,1610612754,Pacers,IND,pacers,Indiana,andrew_nembhard,2022,2025,N,Y,Y,2022,2,31,N
297,Payton Pritchard,2239200,PG,25,BOS,48,3,13.4,2.1,5.1,0.412,1.2,3.2,0.364,0.9,1.9,0.495,0.527,0.3,0.3,0.75,0.5,1.3,1.8,1.3,0.3,0.0,0.8,0.8,5.6,pritcpa01,1630202,Payton,Pritchard,"Pritchard, Payton",P. Pritchard,payton-pritchard,1998-01-28T00:00:00,Oregon,USA,Oregon/USA,6-1,195,5,11,Guard,Active,Y,1610612738,Celtics,BOS,celtics,Boston,payton_pritchard,2020,2025,N,Y,Y,2020,1,26,N
298,Bones Hyland,2201520,PG,22,DEN/LAC,56,1,19.4,4.1,10.2,0.399,2.1,5.6,0.371,2.0,4.6,0.434,0.502,1.5,1.8,0.843,0.4,2.1,2.4,3.1,0.7,0.3,1.5,1.7,11.8,hylanbo01,1630538,Bones,Hyland,"Hyland, Bones",B. Hyland,bones-hyland,2000-09-14T00:00:00,Virginia Commonwealth,USA,Virginia Commonwealth/USA,6-2,169,4,8,Guard,Active,Y,1610612750,Timberwolves,MIN,timberwolves,Minnesota,nahshon_hyland,2021,2025,Y,Y,Y,2021,1,26,N
299,Bol Bol,2200000,PF,23,ORL,70,33,21.5,3.7,6.8,0.546,0.4,1.6,0.265,3.3,5.2,0.633,0.577,1.2,1.5,0.759,1.0,4.8,5.8,1.0,0.4,1.2,1.6,1.3,9.1,bolbo01,1629626,Bol,Bol,"Bol, Bol",B. Bol,bol-bol,1999-11-16T00:00:00,Oregon,Sudan,Oregon/Sudan,7-3,220,7,11,Center-Forward,Inactive,N,1610612756,Suns,PHX,suns,Phoenix,bol_bol,2019,2024,Y,Y,Y,2019,2,44,N
300,Peyton Watson,2193960,SG,20,DEN,23,2,8.1,1.3,2.6,0.492,0.3,0.6,0.429,1.0,2.0,0.511,0.542,0.5,0.9,0.55,0.3,1.3,1.6,0.5,0.1,0.5,0.3,0.6,3.3,watsope01,1631212,Peyton,Watson,"Watson, Peyton",P. Watson,peyton-watson,2002-09-11T00:00:00,UCLA,USA,UCLA/USA,6-8,200,3,8,Guard,Active,Y,1610612743,Nuggets,DEN,nuggets,Denver,peyton_watson,2022,2025,Y,Y,Y,2022,1,30,N
301,Udoka Azubuike,2174880,C,23,UTA,36,4,10.0,1.6,2.0,0.819,0.0,0.0,,1.6,2.0,0.819,0.819,0.2,0.6,0.35,0.9,2.4,3.3,0.3,0.2,0.4,0.5,0.9,3.5,azubuud01,1628962,Udoka,Azubuike,"Azubuike, Udoka",U. Azubuike,udoka-azubuike,1999-09-17T00:00:00,Kansas,Nigeria,Kansas/Nigeria,6-11,270,5,27,Center-Forward,Inactive,N,1610612756,Suns,PHX,suns,Phoenix,udoka_azubuike,2020,2023,Y,Y,Y,2020,1,27,N
302,Jaden McDaniels,2161440,SF,22,MIN,79,79,30.6,4.7,9.1,0.517,1.4,3.4,0.398,3.3,5.7,0.588,0.591,1.3,1.8,0.736,1.2,2.7,3.9,1.9,0.9,1.0,1.4,3.4,12.1,mcdanja02,1630183,Jaden,McDaniels,"McDaniels, Jaden",J. McDaniels,jaden-mcdaniels,2000-09-29T00:00:00,Washington,USA,Washington/USA,6-9,185,5,3,Forward,Active,Y,1610612750,Timberwolves,MIN,timberwolves,Minnesota,jaden_mcdaniels,2020,2025,N,Y,Y,2020,1,28,N
303,Jordan McLaughlin,2160000,PG,26,MIN,43,0,15.8,1.4,3.4,0.421,0.6,1.8,0.308,0.9,1.6,0.552,0.503,0.3,0.4,0.833,0.3,1.1,1.4,3.4,0.7,0.1,0.8,0.7,3.7,mclaujo01,1629162,Jordan,McLaughlin,"McLaughlin, Jordan",J. McLaughlin,jordan-mclaughlin,1996-04-09T00:00:00,Southern California,USA,Southern California/USA,5-11,185,6,0,Guard,Active,Y,1610612759,Spurs,SAS,spurs,San Antonio,jordan_mclaughlin,2019,2025,Y,Y,Y,Undrafted,Undrafted,Undrafted,N
304,Malachi Flynn,2145720,PG,24,TOR,53,2,13.0,1.6,4.6,0.36,0.9,2.5,0.353,0.8,2.1,0.367,0.457,0.5,0.6,0.758,0.3,1.2,1.4,1.3,0.4,0.1,0.5,1.2,4.6,flynnma01,1630201,Malachi,Flynn,"Flynn, Malachi",M. Flynn,malachi-flynn,1998-05-09T00:00:00,San Diego State,USA,San Diego State/USA,6-1,185,4,,Guard,Inactive,Y,0,,,,,malachi_flynn,2020,2024,Y,Y,Y,2020,1,29,N
305,Cam Thomas,2138160,SG,21,BRK,57,4,16.6,3.5,8.0,0.441,0.9,2.3,0.383,2.6,5.7,0.464,0.497,2.6,3.1,0.868,0.1,1.5,1.7,1.4,0.4,0.1,1.1,1.0,10.6,thomaca02,1630560,Cam,Thomas,"Thomas, Cam",C. Thomas,cam-thomas,2001-10-13T00:00:00,Louisiana State,Japan,Louisiana State/Japan,6-3,210,4,,Guard,Inactive,Y,0,,,,,cam_thomas,2021,2025,Y,Y,Y,2021,1,27,N
306,Luke Kornet,2133278,C,27,BOS,69,0,11.7,1.6,2.5,0.665,0.0,0.2,0.231,1.6,2.3,0.701,0.674,0.5,0.6,0.821,1.2,1.6,2.9,0.8,0.2,0.7,0.4,1.2,3.8,kornelu01,1628436,Luke,Kornet,"Kornet, Luke",L. Kornet,luke-kornet,1995-07-15T00:00:00,Vanderbilt,USA,Vanderbilt/USA,7-1,250,8,7,Center-Forward,Active,Y,1610612759,Spurs,SAS,spurs,San Antonio,luke_kornet,2017,2025,Y,Y,Y,Undrafted,Undrafted,Undrafted,N
307,Damion Lee,2133278,SG,30,PHO,74,5,20.4,2.7,6.1,0.442,1.5,3.3,0.445,1.2,2.8,0.439,0.564,1.3,1.4,0.904,0.5,2.5,3.0,1.3,0.4,0.1,1.1,1.6,8.2,leeda03,1627814,Damion,Lee,"Lee, Damion",D. Lee,damion-lee,1992-10-21T00:00:00,Drexel,USA,Drexel/USA,6-6,210,8,10,Guard-Forward,Inactive,N,1610612756,Suns,PHX,suns,Phoenix,damion_lee,2017,2024,Y,Y,Y,Undrafted,Undrafted,Undrafted,N
308,Juan Toscano-Anderson,2133278,SF,29,LAL/UTA,52,9,13.5,1.2,2.8,0.448,0.2,0.8,0.186,1.1,1.9,0.56,0.476,0.4,0.5,0.792,0.5,1.8,2.4,1.3,0.3,0.2,0.7,1.5,3.0,toscaju01,1629308,Juan,Toscano-Anderson,"Toscano-Anderson, Juan",J. Toscano-Anderson,juan-toscano-anderson,1993-04-10T00:00:00,Marquette,USA,Marquette/USA,6-6,209,5,,Forward,Inactive,N,0,,,,,juan_toscano-anderson,2019,2023,Y,Y,Y,Undrafted,Undrafted,Undrafted,N
309,Desmond Bane,2130240,SG,24,MEM,58,58,31.7,7.8,16.2,0.479,2.9,7.0,0.408,4.9,9.2,0.534,0.568,3.1,3.5,0.883,0.7,4.3,5.0,4.4,1.0,0.4,2.2,2.6,21.5,banede01,1630217,Desmond,Bane,"Bane, Desmond",D. Bane,desmond-bane,1998-06-25T00:00:00,TCU,USA,TCU/USA,6-6,215,5,3,Guard,Active,Y,1610612753,Magic,ORL,magic,Orlando,desmond_bane,2020,2025,N,Y,Y,2020,1,30,N
310,Jaden Springer,2125200,SG,20,PHI,16,2,5.6,1.1,2.2,0.486,0.1,0.3,0.4,0.9,1.9,0.5,0.514,0.4,0.5,0.75,0.4,0.5,0.9,0.5,0.4,0.2,0.2,0.9,2.6,sprinja01,1630531,Jaden,Springer,"Springer, Jaden",J. Springer,jaden-springer,2002-09-25T00:00:00,Tennessee,USA,Tennessee/USA,6-4,202,5,11,Guard,Inactive,Y,1610612762,Jazz,UTA,jazz,Utah,jaden_springer,2021,2024,Y,Y,Y,2021,1,28,N
311,Day'Ron Sharpe,2109480,C,21,BRK,48,3,11.5,1.9,3.6,0.544,0.1,0.2,0.545,1.8,3.3,0.544,0.561,0.7,1.1,0.636,2.1,2.1,4.2,0.8,0.3,0.7,0.9,1.9,4.7,sharpda01,1630549,Day'Ron,Sharpe,"Sharpe, Day'Ron",D. Sharpe,dayron-sharpe,2001-11-06T00:00:00,North Carolina,USA,North Carolina/USA,6-10,265,4,20,Center,Active,Y,1610612751,Nets,BKN,nets,Brooklyn,dayron_sharpe,2021,2025,Y,Y,Y,2021,1,29,N
312,Tony Bradley,2036318,C,25,CHI,12,0,2.8,0.5,1.0,0.5,0.3,0.4,0.6,0.3,0.6,0.429,0.625,0.3,0.3,1.0,0.1,0.8,0.9,0.1,0.1,0.1,0.1,0.2,1.6,bradlto01,1628396,Tony,Bradley,"Bradley, Tony",T. Bradley,tony-bradley,1998-01-08T00:00:00,North Carolina,USA,North Carolina/USA,6-10,248,7,13,Center-Forward,Active,Y,1610612737,Hawks,ATL,hawks,Atlanta,tony_bradley,2017,2025,Y,Y,Y,2017,1,28,N
313,Frank Ntilikina,2036318,SG,24,DAL,47,5,12.9,1.0,2.8,0.364,0.4,1.4,0.254,0.7,1.4,0.477,0.428,0.5,0.7,0.667,0.1,1.2,1.3,1.2,0.3,0.1,0.6,1.4,2.9,ntilila01,1628373,Frank,Ntilikina,"Ntilikina, Frank",F. Ntilikina,frank-ntilikina,1998-07-28T00:00:00,Strasbourg IG,France,Strasbourg IG/France,6-4,200,7,,Guard,Inactive,N,0,,,,,frank_ntilikina,2017,2023,N,Y,Y,2017,1,8,N
314,Garrison Mathews,2000000,SG,26,HOU/ATL,54,0,12.7,1.4,3.7,0.363,1.2,3.3,0.35,0.2,0.4,0.476,0.52,0.9,1.0,0.906,0.2,1.1,1.4,0.5,0.4,0.1,0.4,1.1,4.8,mathega01,1629726,Garrison,Mathews,"Mathews, Garrison",G. Mathews,garrison-mathews,1996-10-24T00:00:00,Lipscomb,USA,Lipscomb/USA,6-5,215,6,,Guard,Inactive,Y,0,,,,,garrison_mathews,2019,2025,Y,Y,Y,Undrafted,Undrafted,Undrafted,N
315,Jaylin Williams,2000000,C,20,OKC,49,36,18.7,2.1,4.8,0.436,0.9,2.3,0.407,1.1,2.5,0.463,0.534,0.8,1.1,0.704,0.9,4.0,4.9,1.6,0.6,0.2,0.8,2.3,5.9,willija07,1631119,Jaylin,Williams,"Williams, Jaylin",J. Williams,jaylin-williams,2002-06-29T00:00:00,Arkansas,USA,Arkansas/USA,6-9,240,3,6,Forward,Active,Y,1610612760,Thunder,OKC,thunder,Oklahoma City,jaylin_williams,2022,2025,Y,Y,Y,2022,2,34,N
316,Jeremiah Robinson-Earl,2000000,PF,22,OKC,43,20,18.9,2.6,5.8,0.444,0.9,2.6,0.333,1.7,3.2,0.533,0.518,0.8,1.0,0.833,1.7,2.5,4.2,1.0,0.6,0.3,0.4,1.7,6.8,robinje02,1630526,Jeremiah,Robinson-Earl,"Robinson-Earl, Jeremiah",J. Robinson-Earl,jeremiah-robinson-earl,2000-11-03T00:00:00,Villanova,USA,Villanova/USA,6-9,240,4,,Forward,Inactive,Y,0,,,,,jeremiah_robinson-earl,2021,2025,Y,Y,Y,2021,2,32,N
317,Kenrich Williams,2000000,PF,28,OKC,53,10,22.8,3.4,6.5,0.517,0.9,2.5,0.373,2.4,4.0,0.608,0.59,0.3,0.7,0.436,1.8,3.1,4.9,2.0,0.8,0.3,0.6,2.1,8.0,willike04,1629026,Kenrich,Williams,"Williams, Kenrich",K. Williams,kenrich-williams,1994-12-02T00:00:00,TCU,USA,TCU/USA,6-7,210,7,34,Guard-Forward,Active,Y,1610612760,Thunder,OKC,thunder,Oklahoma City,kenrich_williams,2018,2025,Y,Y,Y,Undrafted,Undrafted,Undrafted,N
318,Caleb Houstan,2000000,SF,20,ORL,51,4,15.9,1.3,3.6,0.363,0.9,2.7,0.338,0.4,0.9,0.435,0.489,0.3,0.4,0.833,0.7,1.3,1.9,0.6,0.2,0.1,0.4,1.2,3.8,houstca01,1631216,Caleb,Houstan,"Houstan, Caleb",C. Houstan,caleb-houstan,2003-01-09T00:00:00,Michigan,Canada,Michigan/Canada,6-8,205,3,,Guard,Inactive,Y,0,,,,,caleb_houstan,2022,2025,Y,Y,Y,2022,2,32,N
319,Shake Milton,1997718,SG,26,PHI,76,11,20.6,3.2,6.6,0.479,0.7,1.9,0.378,2.4,4.7,0.521,0.535,1.3,1.5,0.853,0.5,2.0,2.5,3.2,0.3,0.2,1.2,1.6,8.4,miltosh01,1629003,Shake,Milton,"Milton, Shake",S. Milton,shake-milton,1996-09-26T00:00:00,Southern Methodist,USA,Southern Methodist/USA,6-5,205,8,20,Guard,Inactive,N,1610612747,Lakers,LAL,lakers,Los Angeles,shake_milton,2018,2024,Y,Y,Y,2018,2,54,N
320,Aaron Holiday,1968175,PG,26,ATL,63,6,13.4,1.5,3.5,0.418,0.6,1.4,0.409,0.9,2.1,0.424,0.5,0.4,0.5,0.844,0.4,0.8,1.2,1.4,0.6,0.2,0.6,1.3,3.9,holidaa01,1628988,Aaron,Holiday,"Holiday, Aaron",A. Holiday,aaron-holiday,1996-09-30T00:00:00,UCLA,USA,UCLA/USA,6-0,185,7,0,Guard,Active,Y,1610612745,Rockets,HOU,rockets,Houston,aaron_holiday,2018,2025,N,Y,Y,2018,1,23,N
321,Yuta Watanabe,1968175,SF,28,BRK,58,1,16.0,2.0,4.0,0.491,1.0,2.3,0.444,0.9,1.7,0.557,0.621,0.6,0.8,0.723,0.5,1.9,2.4,0.8,0.4,0.3,0.4,1.4,5.6,watanyu01,1629139,Yuta,Watanabe,"Watanabe, Yuta",Y. Watanabe,yuta-watanabe,1994-10-13T00:00:00,George Washington,Japan,George Washington/Japan,6-9,215,7,18,Guard-Forward,Inactive,N,1610612763,Grizzlies,MEM,grizzlies,Memphis,yuta_watanabe,2018,2023,Y,Y,Y,Undrafted,Undrafted,Undrafted,N
322,Edmond Sumner,1968175,SG,27,BRK,53,12,13.9,2.3,5.1,0.461,0.6,1.6,0.356,1.8,3.4,0.511,0.519,1.9,2.0,0.917,0.2,1.2,1.5,1.3,0.6,0.2,0.9,1.6,7.1,sumneed01,1628410,Edmond,Sumner,"Sumner, Edmond",E. Sumner,edmond-sumner,1995-12-31T00:00:00,Xavier,USA,Xavier/USA,6-4,196,6,4,Guard,Inactive,N,1610612751,Nets,BKN,nets,Brooklyn,edmond_sumner,2017,2022,Y,Y,Y,2017,2,52,N
323,Theo Pinson,1968175,SG,27,DAL,40,1,8.1,0.8,2.2,0.356,0.6,1.6,0.355,0.2,0.6,0.36,0.483,0.3,0.3,0.846,0.3,1.3,1.6,1.2,0.2,0.0,0.3,0.9,2.4,pinsoth01,1629033,Theo,Pinson,"Pinson, Theo",T. Pinson,theo-pinson,1995-11-05T00:00:00,North Carolina,USA,North Carolina/USA,6-7,212,6,1,Guard-Forward,Inactive,N,1610612742,Mavericks,DAL,mavericks,Dallas,theo_pinson,2018,2022,Y,Y,Y,Undrafted,Undrafted,Undrafted,N
324,Thomas Bryant,1968175,C,25,DEN/LAL,59,26,18.3,3.9,6.3,0.623,0.4,1.0,0.441,3.5,5.3,0.658,0.659,1.6,2.1,0.738,1.5,4.3,5.7,0.5,0.3,0.5,0.6,1.7,9.8,bryanth01,1628418,Thomas,Bryant,"Bryant, Thomas",T. Bryant,thomas-bryant,1997-07-31T00:00:00,Indiana,USA,Indiana/USA,6-9,248,8,3,Center-Forward,Active,Y,1610612739,Cavaliers,CLE,cavaliers,Cleveland,thomas_bryant,2017,2025,Y,Y,Y,2017,2,42,N
325,Josh Okogie,1968175,SG,24,PHO,72,26,18.8,2.3,5.8,0.391,0.9,2.7,0.335,1.3,3.0,0.442,0.471,1.9,2.7,0.724,1.5,2.0,3.5,1.5,0.8,0.5,0.9,1.6,7.3,okogijo01,1629006,Josh,Okogie,"Okogie, Josh",J. Okogie,josh-okogie,1998-09-01T00:00:00,Georgia Tech,Nigeria,Georgia Tech/Nigeria,6-4,213,7,20,Guard,Active,Y,1610612745,Rockets,HOU,rockets,Houston,josh_okogie,2018,2025,N,Y,Y,2018,1,20,N
326,Drew Eubanks,1968175,C,25,POR,78,28,20.3,2.7,4.3,0.641,0.1,0.2,0.389,2.7,4.1,0.655,0.651,1.1,1.6,0.664,1.7,3.7,5.4,1.3,0.5,1.3,0.9,2.2,6.6,eubandr01,1629234,Drew,Eubanks,"Eubanks, Drew",D. Eubanks,drew-eubanks,1997-02-01T00:00:00,Oregon State,USA,Oregon State/USA,6-10,245,7,19,Forward-Center,Active,Y,1610612758,Kings,SAC,kings,Sacramento,drew_eubanks,2018,2025,Y,Y,Y,Undrafted,Undrafted,Undrafted,N
327,Dean Wade,1930681,PF,26,CLE,44,13,20.3,1.7,4.0,0.412,1.0,2.9,0.354,0.6,1.1,0.56,0.54,0.3,0.5,0.652,0.5,3.0,3.4,0.8,0.6,0.5,0.4,2.0,4.7,wadede01,1629731,Dean,Wade,"Wade, Dean",D. Wade,dean-wade,1996-11-20T00:00:00,Kansas State,USA,Kansas State/USA,6-9,228,6,32,Forward-Center,Active,Y,1610612739,Cavaliers,CLE,cavaliers,Cleveland,dean_wade,2019,2025,Y,Y,Y,Undrafted,Undrafted,Undrafted,N
328,Terance Mann,1930681,SG,26,LAC,81,36,23.1,3.4,6.5,0.519,1.0,2.4,0.389,2.4,4.0,0.598,0.593,1.1,1.5,0.78,1.0,2.5,3.4,2.3,0.5,0.3,1.0,1.8,8.8,mannte01,1629611,Terance,Mann,"Mann, Terance",T. Mann,terance-mann,1996-10-18T00:00:00,Florida State,USA,Florida State/USA,6-6,215,6,14,Guard-Forward,Active,Y,1610612751,Nets,BKN,nets,Brooklyn,terance_mann,2019,2025,Y,Y,Y,2019,2,48,N
329,Jaylen Nowell,1930681,SG,23,MIN,65,2,19.3,4.3,9.6,0.448,1.0,3.6,0.289,3.3,6.0,0.542,0.502,1.2,1.5,0.778,0.6,2.1,2.6,2.0,0.6,0.1,1.0,1.6,10.8,nowelja01,1629669,Jaylen,Nowell,"Nowell, Jaylen",J. Nowell,jaylen-nowell,1999-07-09T00:00:00,Washington,USA,Washington/USA,6-4,201,5,,Guard,Inactive,Y,0,,,,,jaylen_nowell,2019,2024,Y,Y,Y,2019,2,43,N
330,Naz Reid,1930681,C,23,MIN,68,11,18.4,4.6,8.5,0.537,1.1,3.2,0.346,3.5,5.3,0.653,0.602,1.3,1.9,0.677,1.1,3.8,4.9,1.1,0.6,0.8,1.4,2.6,11.5,reidna01,1629675,Naz,Reid,"Reid, Naz",N. Reid,naz-reid,1999-08-26T00:00:00,Louisiana State,USA,Louisiana State/USA,6-9,264,6,11,Center-Forward,Active,Y,1610612750,Timberwolves,MIN,timberwolves,Minnesota,naz_reid,2019,2025,Y,Y,Y,Undrafted,Undrafted,Undrafted,N
331,Jalen McDaniels,1930681,SF,25,PHI/CHO,80,24,23.9,3.5,7.7,0.455,1.0,2.9,0.332,2.6,4.8,0.53,0.518,1.5,1.7,0.841,0.8,3.5,4.3,1.6,1.0,0.4,1.2,2.6,9.4,mcdanja01,1629667,Jalen,McDaniels,"McDaniels, Jalen",J. McDaniels,jalen-mcdaniels,1998-01-31T00:00:00,San Diego State,USA,San Diego State/USA,6-9,190,7,,Forward,Inactive,Y,0,,,,,jalen_mcdaniels,2019,2024,Y,Y,Y,2019,2,52,N
332,Daniel Gafford,1930681,C,24,WAS,78,47,20.6,3.7,5.1,0.732,0.0,0.0,,3.7,5.1,0.732,0.732,1.6,2.4,0.679,2.1,3.5,5.6,1.1,0.4,1.3,1.1,2.4,9.0,gaffoda01,1629655,Daniel,Gafford,"Gafford, Daniel",D. Gafford,daniel-gafford,1998-10-01T00:00:00,Arkansas,USA,Arkansas/USA,6-10,265,6,21,Forward-Center,Active,Y,1610612742,Mavericks,DAL,mavericks,Dallas,daniel_gafford,2019,2025,Y,Y,Y,2019,2,38,N
333,Chimezie Metu,1910860,PF,25,SAC,66,0,10.4,2.0,3.3,0.589,0.1,0.6,0.237,1.8,2.7,0.663,0.61,0.8,1.1,0.74,0.7,2.3,3.0,0.6,0.3,0.3,0.5,1.2,4.9,metuch01,1629002,Chimezie,Metu,"Metu, Chimezie",C. Metu,chimezie-metu,1997-03-22T00:00:00,USC,USA,Southern California/USA,6-10,225,7,4,Forward-Center,Inactive,N,1610612765,Pistons,DET,pistons,Detroit,chimezie_metu,2018,2023,Y,Y,Y,2018,2,49,N
334,Davon Reed,1902133,SG,27,DEN/LAL,43,1,8.0,0.7,2.0,0.333,0.4,1.1,0.37,0.3,0.9,0.289,0.435,0.4,0.6,0.667,0.2,1.1,1.4,0.5,0.3,0.1,0.5,0.9,2.1,reedda01,1628432,Davon,Reed,"Reed, Davon",D. Reed,davon-reed,1995-06-11T00:00:00,Miami,USA,Miami/USA,6-5,206,4,,Guard,Inactive,N,0,,,,,davon_reed,2017,2022,Y,Y,Y,2017,2,32,N
335,KZ Okpala,1902133,PF,23,SAC,35,3,7.1,0.5,1.1,0.421,0.2,0.6,0.333,0.3,0.5,0.529,0.513,0.2,0.2,0.875,0.2,0.8,1.0,0.4,0.2,0.2,0.2,1.1,1.3,okpalkz01,1629644,KZ,Okpala,"Okpala, KZ",K. Okpala,kz-okpala,1999-04-28T00:00:00,Stanford,USA,Stanford/USA,6-8,215,4,,Forward-Guard,Inactive,N,0,,,,,kz_okpala,2019,2022,Y,Y,Y,2019,2,32,N
336,Wenyen Gabriel,1878720,C,25,LAL,68,2,15.1,2.3,3.8,0.596,0.1,0.5,0.278,2.1,3.3,0.647,0.615,0.8,1.2,0.619,1.7,2.5,4.2,0.5,0.4,0.5,0.7,2.1,5.5,gabriwe01,1629117,Wenyen,Gabriel,"Gabriel, Wenyen",W. Gabriel,wenyen-gabriel,1997-03-26T00:00:00,Kentucky,South Sudan,Kentucky/South Sudan,6-9,205,5,,Forward,Inactive,N,0,,,,,wenyen_gabriel,2018,2023,Y,Y,Y,Undrafted,Undrafted,Undrafted,N
337,Thanasis Antetokounmpo,1878720,PF,30,MIL,37,0,5.6,0.5,1.2,0.435,0.0,0.2,0.0,0.5,1.0,0.526,0.435,0.3,0.6,0.5,0.4,0.8,1.2,0.4,0.1,0.1,0.3,0.6,1.4,antetth01,203648,Thanasis,Antetokounmpo,"Antetokounmpo, Thanasis",T. Antetokounmpo,thanasis-antetokounmpo,1992-07-18T00:00:00,Panathinaikos,Greece,Panathinaikos/Greece,6-7,219,6,43,Forward,Active,Y,1610612749,Bucks,MIL,bucks,Milwaukee,thanasis_antetokounmpo,2015,2025,Y,Y,Y,2014,2,51,N
338,Moritz Wagner,1878720,C,25,ORL,57,18,19.5,3.5,6.9,0.5,0.9,2.9,0.313,2.6,4.1,0.631,0.564,2.7,3.2,0.841,1.2,3.3,4.5,1.5,0.6,0.2,1.2,2.4,10.5,wagnemo01,1629021,Moritz,Wagner,"Wagner, Moritz",M. Wagner,moritz-wagner,1997-04-26T00:00:00,Michigan,Germany,Michigan/Germany,6-11,245,7,21,Forward-Center,Active,Y,1610612753,Magic,ORL,magic,Orlando,moritz_wagner,2018,2025,Y,Y,Y,2018,1,25,N
339,Keita Bates-Diop,1878720,PF,27,SAS,67,42,21.7,3.5,6.9,0.508,0.8,2.1,0.394,2.7,4.8,0.557,0.568,1.8,2.2,0.793,1.0,2.7,3.7,1.5,0.7,0.3,0.8,0.9,9.7,bateske01,1628966,Keita,Bates-Diop,"Bates-Diop, Keita",K. Bates-Diop,keita-bates-diop,1996-01-23T00:00:00,Ohio State,USA,Ohio State/USA,6-8,229,7,13,Forward,Inactive,Y,1610612751,Nets,BKN,nets,Brooklyn,keita_bates-diop,2018,2023,Y,Y,Y,2018,2,48,N
340,Oshae Brissett,1846738,PF,24,IND,65,2,16.7,1.9,4.9,0.386,0.7,2.4,0.31,1.2,2.5,0.457,0.461,1.6,2.2,0.717,1.0,2.4,3.4,0.7,0.5,0.2,0.5,1.2,6.1,brissos01,1629052,Oshae,Brissett,"Brissett, Oshae",O. Brissett,oshae-brissett,1998-06-20T00:00:00,Syracuse,Canada,Syracuse/Canada,6-7,210,5,,Forward-Guard,Inactive,Y,0,,,,,oshae_brissett,2019,2024,Y,Y,Y,Undrafted,Undrafted,Undrafted,N
341,Nathan Knight,1836090,C,25,MIN,38,0,7.7,1.2,2.1,0.568,0.2,0.6,0.364,1.0,1.6,0.644,0.617,1.0,1.5,0.684,0.6,0.9,1.5,0.3,0.3,0.2,0.6,1.1,3.7,knighna01,1630233,Nathan,Knight,"Knight, Nathan",N. Knight,nathan-knight,1997-09-20T00:00:00,William & Mary,USA,William & Mary/USA,6-8,253,4,13,Forward-Center,Inactive,N,1610612750,Timberwolves,MIN,timberwolves,Minnesota,nathan_knight,2020,2022,Y,Y,Y,Undrafted,Undrafted,Undrafted,N
342,Justin Jackson,1836090,SF,27,BOS,23,0,4.7,0.3,1.2,0.259,0.2,0.9,0.25,0.1,0.3,0.286,0.352,0.0,0.1,0.5,0.1,0.7,0.7,0.4,0.2,0.2,0.1,0.3,0.9,jacksju01,1628382,Justin,Jackson,"Jackson, Justin",J. Jackson,justin-jackson,1995-03-28T00:00:00,North Carolina,USA,North Carolina/USA,6-8,220,7,,Forward,Inactive,N,0,,,,,justin_jackson,2017,2023,Y,Y,Y,2017,1,15,N
343,Isaiah Joe,1836090,SG,23,OKC,73,10,19.1,3.1,7.0,0.441,2.2,5.4,0.409,0.9,1.6,0.553,0.599,1.1,1.4,0.82,0.4,2.0,2.4,1.2,0.7,0.1,0.5,1.4,9.5,joeis01,1630198,Isaiah,Joe,"Joe, Isaiah",I. Joe,isaiah-joe,1999-07-02T00:00:00,Arkansas,USA,Arkansas/USA,6-4,165,5,11,Guard,Active,Y,1610612760,Thunder,OKC,thunder,Oklahoma City,isaiah_joe,2020,2025,Y,Y,Y,2020,2,49,N
344,Ryan Arcidiacono,1836090,PG,28,NYK/POR,20,4,8.6,0.5,1.9,0.243,0.4,1.2,0.348,0.1,0.7,0.071,0.351,0.0,0.0,,0.0,0.8,0.8,1.2,0.3,0.0,0.4,0.9,1.3,arcidry01,1627853,Ryan,Arcidiacono,"Arcidiacono, Ryan",R. Arcidiacono,ryan-arcidiacono,1994-03-26T00:00:00,Villanova,USA,Villanova/USA,6-3,195,7,,Guard,Inactive,N,0,,,,,ryan_arcidiacono,2017,2023,Y,Y,Y,Undrafted,Undrafted,Undrafted,N
345,Anthony Gill,1836090,PF,30,WAS,59,8,10.6,1.2,2.2,0.538,0.1,0.5,0.138,1.1,1.7,0.65,0.553,0.8,1.1,0.731,0.6,1.1,1.7,0.6,0.1,0.2,0.3,1.2,3.3,gillan01,1630264,Anthony,Gill,"Gill, Anthony",A. Gill,anthony-gill,1992-10-17T00:00:00,Virginia,USA,Virginia/USA,6-7,230,5,16,Forward,Active,Y,1610612764,Wizards,WAS,wizards,Washington,anthony_gill,2020,2025,N,Y,Y,Undrafted,Undrafted,Undrafted,N
346,Javonte Green,1815677,SF,29,CHI,32,1,15.0,1.9,3.4,0.565,0.4,1.1,0.371,1.5,2.3,0.658,0.625,0.9,1.4,0.667,0.8,1.9,2.8,0.7,0.8,0.7,0.6,1.6,5.2,greenja02,1629750,Javonte,Green,"Green, Javonte",J. Green,javonte-green,1993-07-23T00:00:00,Radford,USA,Radford/USA,6-5,205,6,31,Guard,Active,Y,1610612765,Pistons,DET,pistons,Detroit,javonte_green,2019,2025,Y,Y,Y,Undrafted,Undrafted,Undrafted,N
347,Gabe Vincent,1815677,PG,26,MIA,68,34,25.9,3.4,8.3,0.402,1.7,5.1,0.334,1.6,3.2,0.512,0.505,1.0,1.1,0.872,0.4,1.7,2.1,2.5,0.9,0.1,1.4,2.3,9.4,vincega01,1629216,Gabe,Vincent,"Vincent, Gabe",G. Vincent,gabe-vincent,1996-06-14T00:00:00,California-Santa Barbara,USA,California-Santa Barbara/USA,6-2,200,6,4,Guard,Active,Y,1610612737,Hawks,ATL,hawks,Atlanta,gabe_vincent,2019,2025,Y,Y,Y,Undrafted,Undrafted,Undrafted,N
348,Max Strus,1815677,SF,26,MIA,80,33,28.4,4.1,9.9,0.41,2.5,7.0,0.35,1.6,2.8,0.559,0.535,1.0,1.1,0.876,0.6,2.6,3.2,2.1,0.5,0.2,0.9,2.1,11.5,strusma01,1629622,Max,Strus,"Strus, Max",M. Strus,max-strus,1996-03-28T00:00:00,DePaul,USA,DePaul/USA,6-5,215,6,2,Guard-Forward,Active,Y,1610612739,Cavaliers,CLE,cavaliers,Cleveland,max_strus,2019,2025,Y,Y,Y,Undrafted,Undrafted,Undrafted,N
349,Nick Richards,1782621,C,25,CHO,65,9,18.7,3.0,4.8,0.629,0.0,0.0,1.0,3.0,4.8,0.628,0.631,2.1,2.8,0.749,2.3,4.1,6.4,0.6,0.2,1.1,0.9,2.4,8.2,richani01,1630208,Nick,Richards,"Richards, Nick",N. Richards,nick-richards,1997-11-29T00:00:00,Kentucky,Jamaica,Kentucky/Jamaica,6-11,245,5,13,Center,Active,Y,1610612741,Bulls,CHI,bulls,Chicago,nick_richards,2020,2025,Y,Y,Y,2020,2,42,N
350,Lamar Stevens,1782621,SF,25,CLE,62,25,18.1,2.1,4.6,0.448,0.5,1.5,0.316,1.6,3.1,0.513,0.5,0.6,0.9,0.702,0.8,2.6,3.3,0.5,0.4,0.3,0.4,1.3,5.3,stevela01,1630205,Lamar,Stevens,"Stevens, Lamar",L. Stevens,lamar-stevens,1997-07-09T00:00:00,Penn State,USA,Penn State/USA,6-7,230,6,8,Forward,Inactive,N,1610612763,Grizzlies,MEM,grizzlies,Memphis,lamar_stevens,2020,2024,Y,Y,Y,Undrafted,Undrafted,Undrafted,N
351,Naji Marshall,1782621,SF,25,NOP,77,21,23.3,3.2,7.4,0.433,0.9,2.8,0.303,2.4,4.6,0.513,0.49,1.8,2.3,0.789,0.6,3.0,3.6,2.5,0.7,0.2,1.3,1.5,9.1,marshna01,1630230,Naji,Marshall,"Marshall, Naji",N. Marshall,naji-marshall,1998-01-24T00:00:00,Xavier,USA,Xavier/USA,6-6,220,5,13,Forward,Active,Y,1610612742,Mavericks,DAL,mavericks,Dallas,naji_marshall,2020,2025,Y,Y,Y,Undrafted,Undrafted,Undrafted,N
352,Paul Reed,1782621,C,23,PHI,69,2,10.9,1.8,3.0,0.593,0.0,0.1,0.167,1.8,2.9,0.606,0.596,0.6,0.7,0.745,1.6,2.2,3.8,0.4,0.7,0.7,0.7,1.8,4.2,reedpa01,1630194,Paul,Reed,"Reed, Paul",P. Reed,paul-reed,1999-06-14T00:00:00,DePaul,USA,DePaul/USA,6-9,210,5,7,Forward,Active,Y,1610612765,Pistons,DET,pistons,Detroit,paul_reed,2020,2025,Y,Y,Y,2020,2,58,N
353,Tre Jones,1782621,PG,23,SAS,68,65,29.2,5.0,10.9,0.459,0.7,2.3,0.285,4.4,8.6,0.506,0.489,2.2,2.5,0.86,0.8,2.8,3.6,6.6,1.3,0.1,1.6,1.4,12.9,jonestr01,1630200,Tre,Jones,"Jones, Tre",T. Jones,tre-jones,2000-01-08T00:00:00,Duke,USA,Duke/USA,6-1,190,5,30,Guard,Active,Y,1610612741,Bulls,CHI,bulls,Chicago,tre_jones,2020,2025,Y,Y,Y,2020,2,41,N
354,Haywood Highsmith,1752638,PF,26,MIA,54,11,17.9,1.7,4.0,0.431,0.7,2.0,0.339,1.0,2.0,0.523,0.516,0.2,0.5,0.464,1.1,2.4,3.5,0.8,0.7,0.3,0.8,1.5,4.4,highsha01,1629312,Haywood,Highsmith,"Highsmith, Haywood",H. Highsmith,haywood-highsmith,1996-12-09T00:00:00,Wheeling Jesuit,USA,Wheeling Jesuit/USA,6-5,220,5,7,Forward,Active,Y,1610612756,Suns,PHX,suns,Phoenix,haywood_highsmith,2018,2025,Y,Y,Y,2018,,,N
355,Omer Yurtseven,1752638,C,24,MIA,9,0,9.2,1.8,3.0,0.593,0.3,0.8,0.429,1.4,2.2,0.65,0.648,0.6,0.7,0.833,0.9,1.7,2.6,0.2,0.2,0.2,0.4,1.8,4.4,yurtsom01,1630209,Omer,Yurtseven,"Yurtseven, Omer",O. Yurtseven,omer-yurtseven,1998-06-19T00:00:00,Georgetown,Turkey,Georgetown/Turkey,6-11,275,3,,Center,Inactive,Y,0,,,,,omer_yurtseven,2020,2025,Y,Y,Y,Undrafted,Undrafted,Undrafted,N
356,Leandro Bolmaro,1709300,SF,22,UTA,14,0,4.9,0.2,1.4,0.15,0.0,0.3,0.0,0.2,1.1,0.188,0.15,0.0,0.0,,0.3,0.2,0.5,0.5,0.2,0.1,0.5,0.7,0.4,bolmale01,1630195,Leandro,Bolmaro,"Bolmaro, Leandro",L. Bolmaro,leandro-bolmaro,2000-09-11T00:00:00,FC Barcelona,Argentina,FC Barcelona/Argentina,6-6,200,2,,Forward,Inactive,N,0,,,,,leandro_bolmaro,2021,2022,Y,Y,Y,2020,1,23,N
357,Terry Taylor,1703902,PF,23,CHI/IND,31,2,8.5,1.3,2.4,0.52,0.2,0.6,0.263,1.1,1.8,0.607,0.553,0.2,0.4,0.545,0.9,0.6,1.5,0.3,0.1,0.2,0.3,0.8,2.9,taylote01,1630678,Terry,Taylor,"Taylor, Terry",T. Taylor,terry-taylor,1999-09-23T00:00:00,Austin Peay,USA,Austin Peay/USA,6-4,230,3,,Forward,Inactive,Y,0,,,,,terry_taylor,2021,2024,Y,Y,Y,Undrafted,Undrafted,Undrafted,N
358,Jared Butler,1674655,PG,22,OKC,6,1,12.8,2.5,5.3,0.469,1.2,2.3,0.5,1.3,3.0,0.444,0.578,0.0,0.0,,0.2,0.5,0.7,1.3,0.8,0.0,0.8,0.8,6.2,butleja02,1630215,Jared,Butler,"Butler, Jared",J. Butler,jared-butler,2000-08-25T00:00:00,Baylor,USA,Baylor/USA,6-3,193,5,12,Guard,Inactive,Y,1610612755,76ers,PHI,sixers,Philadelphia,jared_butler,2021,2024,Y,Y,Y,2021,2,40,N
359,Jericho Sims,1639842,C,24,NYK,52,16,15.6,1.6,2.1,0.776,0.0,0.0,0.0,1.6,2.0,0.783,0.776,0.2,0.3,0.75,1.9,2.8,4.7,0.5,0.3,0.5,0.5,1.8,3.4,simsje01,1630579,Jericho,Sims,"Sims, Jericho",J. Sims,jericho-sims,1998-10-20T00:00:00,Texas,USA,Texas/USA,6-10,250,4,00,Center,Active,Y,1610612749,Bucks,MIL,bucks,Milwaukee,jericho_sims,2021,2025,Y,Y,Y,2021,2,58,N
360,Sam Hauser,1637966,SF,25,BOS,80,8,16.1,2.3,5.0,0.455,1.8,4.2,0.418,0.5,0.8,0.656,0.631,0.2,0.2,0.706,0.4,2.1,2.6,0.9,0.4,0.3,0.4,1.2,6.4,hausesa01,1630573,Sam,Hauser,"Hauser, Sam",S. Hauser,sam-hauser,1997-12-08T00:00:00,Virginia,USA,Virginia/USA,6-7,217,4,30,Forward,Active,Y,1610612738,Celtics,BOS,celtics,Boston,sam_hauser,2021,2025,Y,Y,Y,Undrafted,Undrafted,Undrafted,N
361,Kessler Edwards,1637966,SF,22,BRK/SAC,36,4,10.7,1.0,2.6,0.387,0.5,1.5,0.309,0.5,1.1,0.5,0.478,0.3,0.4,0.733,0.6,1.1,1.7,0.6,0.4,0.2,0.4,1.1,2.8,edwarke02,1630556,Kessler,Edwards,"Edwards, Kessler",K. Edwards,kessler-edwards,2000-08-09T00:00:00,Pepperdine,USA,Pepperdine/USA,6-7,203,5,20,Forward,Inactive,Y,1610612742,Mavericks,DAL,mavericks,Dallas,kessler_edwards,2021,2024,Y,Y,Y,2021,2,44,N
362,Isaiah Todd,1575000,PF,21,WAS,6,1,10.2,0.5,3.2,0.158,0.2,1.7,0.1,0.3,1.5,0.222,0.184,0.3,0.3,1.0,0.3,1.7,2.0,0.7,0.2,0.0,0.3,0.7,1.5,toddis01,1630225,Isaiah,Todd,"Todd, Isaiah",I. Todd,isaiah-todd,2001-10-17T00:00:00,G League Ignite,USA,NBA G League Ignite/USA,6-9,219,3,14,Forward,Inactive,N,1610612764,Wizards,WAS,wizards,Washington,isaiah_todd,2021,2022,Y,Y,Y,2021,2,31,N
364,JT Thor,1563518,PF,20,CHO,69,8,14.0,1.4,3.4,0.399,0.6,1.8,0.317,0.8,1.7,0.487,0.481,0.5,0.7,0.702,0.5,1.7,2.2,0.5,0.3,0.3,0.6,1.0,3.8,thorjt01,1630550,JT,Thor,"Thor, JT",J. Thor,jt-thor,2002-08-26T00:00:00,Auburn,USA,Auburn/USA,6-9,203,5,21,Forward,Inactive,N,1610612764,Wizards,WAS,wizards,Washington,jt_thor,2021,2024,Y,Y,Y,2021,2,37,N
365,Marko Simonovic,1563518,C,23,CHI,7,0,2.9,0.3,1.0,0.286,0.1,0.6,0.25,0.1,0.4,0.333,0.357,0.1,0.3,0.5,0.1,0.1,0.3,0.0,0.0,0.0,0.0,0.7,0.9,simonma01,1630250,Marko,Simonovic,"Simonovic, Marko",M. Simonovic,marko-simonovic,1999-10-15T00:00:00,Mega Basket,Montenegro,Mega Basket/Montenegro,7-0,220,3,19,Center,Inactive,N,1610612741,Bulls,CHI,bulls,Chicago,marko_simonovic,2021,2022,Y,Y,Y,2020,2,44,N
366,Ayo Dosunmu,1563518,SG,23,CHI,80,51,26.2,3.5,7.1,0.493,0.7,2.4,0.312,2.8,4.8,0.583,0.545,0.8,1.0,0.805,0.6,2.2,2.8,2.6,0.8,0.3,1.2,2.3,8.6,dosunay01,1630245,Ayo,Dosunmu,"Dosunmu, Ayo",A. Dosunmu,ayo-dosunmu,2000-01-17T00:00:00,Illinois,USA,Illinois/USA,6-4,201,4,13,Guard,Active,Y,1610612750,Timberwolves,MIN,timberwolves,Minnesota,ayo_dosunmu,2021,2025,N,Y,Y,2021,2,38,N
367,Isaiah Livers,1563518,PF,24,DET,52,22,23.1,2.3,5.5,0.417,1.4,3.9,0.365,0.9,1.6,0.541,0.545,0.6,0.8,0.821,0.5,2.2,2.8,0.8,0.5,0.5,0.6,2.0,6.7,liveris01,1630587,Isaiah,Livers,"Livers, Isaiah",I. Livers,isaiah-livers,1998-07-28T00:00:00,Michigan,USA,Michigan/USA,6-6,232,3,18,Forward,Active,Y,1610612756,Suns,PHX,suns,Phoenix,isaiah_livers,2021,2025,Y,Y,Y,2021,2,42,N
368,Daishen Nix,1563518,PG,20,HOU,57,7,16.0,1.4,4.2,0.342,0.7,2.5,0.286,0.7,1.7,0.423,0.426,0.4,0.6,0.667,0.3,1.4,1.7,2.3,0.5,0.1,1.5,1.0,4.0,nixda01,1630227,Daishen,Nix,"Nix, Daishen",D. Nix,daishen-nix,2002-02-13T00:00:00,NBA G League Ignite,USA,NBA G League Ignite/USA,6-4,238,3,,Guard,Inactive,Y,0,,,,,daishen_nix,2021,2024,Y,Y,Y,Undrafted,Undrafted,Undrafted,N
369,Jason Preston,1563518,PG,23,LAC,14,0,8.9,1.3,2.9,0.439,0.4,1.3,0.278,0.9,1.6,0.565,0.5,0.0,0.1,0.0,0.1,1.4,1.6,1.9,0.1,0.0,0.7,0.5,2.9,prestja01,1630554,Jason,Preston,"Preston, Jason",J. Preston,jason-preston,1999-08-10T00:00:00,Ohio,USA,Ohio/USA,6-3,181,3,10,Guard,Inactive,Y,1610612762,Jazz,UTA,jazz,Utah,jason_preston,2021,2023,Y,Y,Y,2021,2,33,N
370,Austin Reaves,1563518,SG,24,LAL,64,22,28.8,4.0,7.7,0.529,1.3,3.4,0.398,2.7,4.3,0.631,0.616,3.6,4.1,0.864,0.5,2.5,3.0,3.4,0.5,0.3,1.5,1.7,13.0,reaveau01,1630559,Austin,Reaves,"Reaves, Austin",A. Reaves,austin-reaves,1998-05-29T00:00:00,Oklahoma,USA,Oklahoma/USA,6-5,197,4,15,Guard,Active,Y,1610612747,Lakers,LAL,lakers,Los Angeles,austin_reaves,2021,2025,N,Y,Y,Undrafted,Undrafted,Undrafted,N
371,Jose Alvarado,1563518,PG,24,NOP,61,10,21.5,3.3,8.0,0.411,1.4,4.0,0.336,1.9,4.0,0.488,0.496,1.1,1.3,0.813,0.5,1.9,2.3,3.0,1.1,0.2,1.3,2.0,9.0,alvarjo01,1630631,Jose,Alvarado,"Alvarado, Jose",J. Alvarado,jose-alvarado,1998-04-12T00:00:00,Georgia Tech,USA,Georgia Tech/USA,6-0,179,4,5,Guard,Active,Y,1610612752,Knicks,NYK,knicks,New York,jose_alvarado,2021,2025,Y,Y,Y,Undrafted,Undrafted,Undrafted,N
372,Miles McBride,1563518,PG,22,NYK,64,2,11.9,1.2,3.4,0.358,0.6,2.1,0.299,0.6,1.3,0.457,0.451,0.4,0.7,0.667,0.2,0.6,0.8,1.1,0.6,0.1,0.4,0.9,3.5,mcbrimi01,1630540,Miles,McBride,"McBride, Miles",M. McBride,miles-mcbride,2000-09-08T00:00:00,West Virginia,USA,West Virginia/USA,6-2,195,4,2,Guard,Active,Y,1610612752,Knicks,NYK,knicks,New York,miles_mcbride,2021,2025,Y,Y,Y,2021,2,36,N
373,Aaron Wiggins,1563518,SG,24,OKC,70,14,18.5,2.7,5.2,0.512,0.7,1.7,0.393,2.0,3.4,0.573,0.579,0.8,1.0,0.831,1.0,2.0,3.0,1.1,0.6,0.2,0.8,1.6,6.8,wiggiaa01,1630598,Aaron,Wiggins,"Wiggins, Aaron",A. Wiggins,aaron-wiggins,1999-01-02T00:00:00,Maryland,USA,Maryland/USA,6-5,190,4,21,Guard,Active,Y,1610612760,Thunder,OKC,thunder,Oklahoma City,aaron_wiggins,2021,2025,Y,Y,Y,2021,2,55,N
374,Jock Landale,1563518,C,27,PHO,69,4,14.2,2.6,4.9,0.528,0.3,1.2,0.25,2.3,3.7,0.621,0.559,1.1,1.5,0.752,1.7,2.3,4.1,1.0,0.2,0.4,0.9,1.8,6.6,landajo01,1629111,Jock,Landale,"Landale, Jock",J. Landale,jock-landale,1995-10-25T00:00:00,St. Mary's,Australia,St. Mary's/Australia,6-11,255,4,31,Center,Active,Y,1610612737,Hawks,ATL,hawks,Atlanta,jock_landale,2021,2025,Y,Y,Y,Undrafted,Undrafted,Undrafted,N
375,Trendon Watford,1563518,PF,22,POR,62,12,19.1,2.9,5.2,0.56,0.4,1.0,0.391,2.5,4.2,0.602,0.599,1.2,1.6,0.72,0.7,3.2,3.8,2.1,0.5,0.2,1.1,1.9,7.4,watfotr01,1630570,Trendon,Watford,"Watford, Trendon",T. Watford,trendon-watford,2000-11-09T00:00:00,Louisiana State,USA,Louisiana State/USA,6-8,245,4,12,Guard-Forward,Active,Y,1610612755,76ers,PHI,sixers,Philadelphia,trendon_watford,2021,2025,N,Y,Y,Undrafted,Undrafted,Undrafted,N
376,Dalano Banton,1563518,PG,23,TOR,31,2,9.0,1.8,4.2,0.423,0.5,1.6,0.294,1.3,2.5,0.506,0.481,0.5,0.8,0.708,0.4,1.1,1.5,1.2,0.4,0.4,0.6,1.1,4.6,bantoda01,1630625,Dalano,Banton,"Banton, Dalano",D. Banton,dalano-banton,1999-11-07T00:00:00,Nebraska,Canada,Nebraska/Canada,6-8,203,4,45,Forward,Active,Y,1610612738,Celtics,BOS,celtics,Boston,dalano_banton,2021,2025,Y,Y,Y,2021,2,46,N
377,Christian Koloko,1500000,C,22,TOR,58,19,13.8,1.2,2.6,0.48,0.0,0.2,0.083,1.2,2.4,0.514,0.483,0.6,1.0,0.627,1.4,1.5,2.9,0.5,0.4,1.0,0.3,2.2,3.1,kolokch01,1631132,Christian,Koloko,"Koloko, Christian",C. Koloko,christian-koloko,2000-06-20T00:00:00,Arizona,Cameroon,Arizona/Cameroon,6-11,225,3,10,Center,Active,Y,1610612737,Hawks,ATL,hawks,Atlanta,christian_koloko,2022,2025,Y,Y,Y,2022,2,33,N
378,Bryce McGowens,1461055,SG,20,CHO,46,7,17.1,1.7,4.4,0.396,0.6,1.7,0.325,1.2,2.7,0.443,0.46,1.3,1.7,0.75,0.4,1.6,2.0,1.2,0.3,0.1,0.9,1.0,5.3,mcgowbr01,1631121,Bryce,McGowens,"McGowens, Bryce",B. McGowens,bryce-mcgowens,2002-11-08T00:00:00,Nebraska,USA,Nebraska/USA,6-6,190,3,11,Guard,Active,Y,1610612740,Pelicans,NOP,pelicans,New Orleans,bryce_mcgowens,2022,2025,Y,Y,Y,2022,2,40,N
379,Jordan Goodwin,1280206,PG,24,WAS,62,7,17.8,2.5,5.7,0.448,0.6,1.9,0.322,1.9,3.8,0.511,0.501,0.9,1.1,0.768,0.9,2.4,3.3,2.7,0.9,0.4,0.9,1.5,6.6,goodwjo01,1630692,Jordan,Goodwin,"Goodwin, Jordan",J. Goodwin,jordan-goodwin,1998-10-23T00:00:00,St. Louis,USA,St. Louis/USA,6-3,215,4,23,Guard,Active,Y,1610612756,Suns,PHX,suns,Phoenix,jordan_goodwin,2021,2025,Y,Y,Y,Undrafted,Undrafted,Undrafted,N
380,Kennedy Chandler,1200000,PG,20,MEM,36,0,7.8,1.0,2.3,0.422,0.1,0.4,0.133,0.9,1.9,0.485,0.434,0.2,0.4,0.462,0.3,0.8,1.1,1.6,0.3,0.1,0.5,0.4,2.2,chandke01,1631113,Kennedy,Chandler,"Chandler, Kennedy",K. Chandler,kennedy-chandler,2002-09-16T00:00:00,Tennessee,USA,Tennessee/USA,6-0,170,1,,Guard,Inactive,Y,0,,,,,kennedy_chandler,2022,2025,Y,Y,Y,2022,2,38,N
381,Noah Vonleh,1160955,C,27,BOS,23,1,7.4,0.5,1.0,0.458,0.0,0.2,0.25,0.4,0.9,0.5,0.479,0.1,0.1,1.0,0.8,1.3,2.1,0.3,0.1,0.3,0.5,1.5,1.1,vonleno01,203943,Noah,Vonleh,"Vonleh, Noah",N. Vonleh,noah-vonleh,1995-08-24T00:00:00,Indiana,USA,Indiana/USA,6-10,257,8,,Forward,Inactive,N,0,,,,,noah_vonleh,2014,2022,Y,Y,Y,2014,1,9,N
382,Sandro Mamukelashvili,1116112,C,23,SAS/MIL,43,7,15.3,2.3,5.3,0.422,0.7,2.3,0.303,1.6,3.0,0.511,0.487,0.9,1.3,0.684,1.6,2.7,4.3,1.4,0.3,0.3,0.8,1.2,6.1,mamuksa01,1630572,Sandro,Mamukelashvili,"Mamukelashvili, Sandro",S. Mamukelashvili,sandro-mamukelashvili,1999-05-23T00:00:00,Seton Hall,Georgia,Seton Hall/Georgia,6-9,240,4,54,Forward-Center,Active,Y,1610612761,Raptors,TOR,raptors,Toronto,sandro_mamukelashvili,2021,2025,Y,Y,Y,2021,2,54,N
383,Sam Merrill,1105522,SG,26,CLE,5,0,11.8,1.8,4.4,0.409,1.0,3.6,0.278,0.8,0.8,1.0,0.523,0.4,0.4,1.0,0.0,1.8,1.8,1.0,0.8,0.0,0.0,0.6,5.0,merrisa01,1630241,Sam,Merrill,"Merrill, Sam",S. Merrill,sam-merrill,1996-05-15T00:00:00,Utah State,USA,Utah State/USA,6-4,205,5,5,Guard,Active,Y,1610612739,Cavaliers,CLE,cavaliers,Cleveland,sam_merrill,2020,2025,Y,Y,Y,2020,2,60,N
384,Tyrese Martin,1017781,SG,23,ATL,16,0,4.1,0.6,1.4,0.391,0.1,0.4,0.143,0.5,1.0,0.5,0.413,0.1,0.1,1.0,0.3,0.4,0.8,0.1,0.1,0.0,0.1,0.1,1.3,martity01,1631213,Tyrese,Martin,"Martin, Tyrese",T. Martin,tyrese-martin,1999-03-07T00:00:00,Connecticut,USA,Connecticut/USA,6-6,215,2,23,Forward,Active,Y,1610612755,76ers,PHI,sixers,Philadelphia,tyrese_martin,2022,2025,Y,Y,Y,2022,2,51,N
385,Jaden Hardy,1017781,SG,20,DAL,48,5,14.8,3.0,6.9,0.438,1.3,3.3,0.404,1.7,3.7,0.469,0.533,1.4,1.6,0.823,0.2,1.6,1.9,1.4,0.4,0.1,1.0,1.3,8.8,hardyja02,1630702,Jaden,Hardy,"Hardy, Jaden",J. Hardy,jaden-hardy,2002-07-05T00:00:00,NBA G League Ignite,USA,NBA G League Ignite/USA,6-3,198,3,8,Guard,Active,Y,1610612764,Wizards,WAS,wizards,Washington,jaden_hardy,2021,2025,Y,Y,Y,2022,2,37,N
386,Ryan Rollins,1017781,PG,20,GSW,12,0,5.2,0.6,1.7,0.35,0.3,0.8,0.333,0.3,0.9,0.364,0.425,0.5,0.5,1.0,0.3,0.8,1.0,0.5,0.1,0.1,1.3,0.8,1.9,rolliry01,1631157,Ryan,Rollins,"Rollins, Ryan",R. Rollins,ryan-rollins,2002-07-03T00:00:00,Toledo,USA,Toledo/USA,6-3,180,3,13,Guard,Active,Y,1610612749,Bucks,MIL,bucks,Milwaukee,ryan_rollins,2022,2025,Y,Y,Y,2022,2,44,N
387,Max Christie,1017781,SG,19,LAL,41,3,12.5,1.1,2.6,0.415,0.6,1.5,0.419,0.4,1.1,0.409,0.538,0.3,0.4,0.875,0.2,1.7,1.8,0.5,0.2,0.2,0.3,0.8,3.1,chrisma02,1631108,Max,Christie,"Christie, Max",M. Christie,max-christie,2003-02-10T00:00:00,Michigan State,USA,Michigan State/USA,6-5,190,3,00,Guard,Active,Y,1610612742,Mavericks,DAL,mavericks,Dallas,max_christie,2022,2025,Y,Y,Y,2022,2,35,N
388,Josh Minott,1017781,SF,20,MIN,15,0,6.4,1.2,2.4,0.5,0.1,0.4,0.333,1.1,2.0,0.533,0.528,0.5,0.5,1.0,0.3,1.3,1.7,0.3,0.3,0.4,0.2,0.7,3.1,minotjo01,1631169,Josh,Minott,"Minott, Josh",J. Minott,josh-minott,2002-11-25T00:00:00,Memphis,USA,Memphis/USA,6-8,205,3,00,Forward,Active,Y,1610612751,Nets,BKN,nets,Brooklyn,josh_minott,2022,2025,Y,Y,Y,2022,2,45,N
389,Jabari Walker,1017781,SF,20,POR,56,0,11.1,1.5,3.5,0.419,0.3,1.0,0.286,1.2,2.5,0.472,0.46,0.6,0.8,0.756,0.9,1.5,2.3,0.6,0.2,0.2,0.5,1.2,3.9,walkeja01,1631133,Jabari,Walker,"Walker, Jabari",J. Walker,jabari-walker,2002-07-30T00:00:00,Colorado,USA,Colorado/USA,6-7,237,3,33,Forward,Active,Y,1610612755,76ers,PHI,sixers,Philadelphia,jabari_walker,2022,2025,Y,Y,Y,2022,2,57,N
390,Eugene Omoruyi,1013119,SF,25,DET/OKC,40,6,16.1,2.5,5.7,0.443,0.6,2.2,0.281,1.9,3.5,0.547,0.498,1.3,1.9,0.68,1.1,1.7,2.8,0.7,0.7,0.1,0.9,2.3,7.0,omorueu01,1630647,Eugene,Omoruyi,"Omoruyi, Eugene",E. Omoruyi,eugene-omoruyi,1997-02-14T00:00:00,Oregon,Nigeria,Oregon/Nigeria,6-6,235,4,97,Forward,Inactive,Y,1610612764,Wizards,WAS,wizards,Washington,eugene_omoruyi,2021,2023,Y,Y,Y,Undrafted,Undrafted,Undrafted,N
391,Kris Dunn,1000001,PG,28,UTA,22,3,25.8,5.3,9.8,0.537,0.8,1.6,0.472,4.5,8.2,0.55,0.576,1.9,2.4,0.774,0.4,4.1,4.5,5.6,1.1,0.5,1.6,2.6,13.2,dunnkr01,1627739,Kris,Dunn,"Dunn, Kris",K. Dunn,kris-dunn,1994-03-18T00:00:00,Providence,USA,Providence/USA,6-3,205,9,8,Guard,Active,Y,1610612746,Clippers,LAC,clippers,LA,kris_dunn,2016,2025,Y,Y,Y,2016,1,5,N
392,Admiral Schofield,877940,PF,25,ORL,37,0,12.2,1.5,3.3,0.451,0.6,2.0,0.324,0.8,1.3,0.646,0.549,0.6,0.6,0.913,0.6,1.1,1.7,0.8,0.2,0.1,0.4,1.6,4.2,schofad01,1629678,Admiral,Schofield,"Schofield, Admiral",A. Schofield,admiral-schofield,1997-03-30T00:00:00,Tennessee,United Kingdom,Tennessee/United Kingdom,6-5,241,5,25,Forward,Inactive,N,1610612753,Magic,ORL,magic,Orlando,admiral_schofield,2019,2023,Y,Y,Y,2019,2,42,N
393,Justin Champagnie,853241,SF,21,BOS/TOR,5,0,6.8,1.0,3.0,0.333,0.2,1.0,0.2,0.8,2.0,0.4,0.367,0.0,0.0,,0.6,1.0,1.6,0.8,0.2,0.0,0.0,0.4,2.2,champju01,1630551,Justin,Champagnie,"Champagnie, Justin",J. Champagnie,justin-champagnie,2001-06-29T00:00:00,Pittsburgh,USA,Pittsburgh/USA,6-6,206,4,9,Guard-Forward,Active,Y,1610612764,Wizards,WAS,wizards,Washington,justin_champagnie,2021,2025,Y,Y,Y,Undrafted,Undrafted,Undrafted,N
394,Trevelin Queen,838891,SG,25,IND,7,0,10.0,1.0,4.1,0.241,0.3,2.1,0.133,0.7,2.0,0.357,0.276,0.7,0.7,1.0,1.1,1.3,2.4,0.9,0.3,0.7,1.0,0.6,3.0,queentr01,1630243,Trevelin,Queen,"Queen, Trevelin",T. Queen,trevelin-queen,1997-02-25T00:00:00,New Mexico State,USA,New Mexico State/USA,6-5,190,5,12,Guard,Inactive,N,1610612753,Magic,ORL,magic,Orlando,trevelin_queen,2021,2024,Y,Y,Y,Undrafted,Undrafted,Undrafted,N
395,Moses Brown,824041,C,23,BRK/LAC,36,1,8.2,1.7,2.7,0.635,0.0,0.0,,1.7,2.7,0.635,0.635,0.9,2.0,0.458,1.6,2.3,3.9,0.1,0.1,0.4,0.4,1.1,4.3,brownmo01,1629650,Moses,Brown,"Brown, Moses",M. Brown,moses-brown,1999-10-13T00:00:00,UCLA,USA,UCLA/USA,7-2,258,7,,Center,Inactive,Y,0,,,,,moses_brown,2019,2024,Y,Y,Y,Undrafted,Undrafted,Undrafted,N
396,Matt Ryan,806097,SF,25,LAL/MIN,34,0,9.1,1.2,3.2,0.37,0.9,2.5,0.381,0.2,0.7,0.333,0.519,0.3,0.4,0.833,0.1,0.6,0.8,0.5,0.1,0.0,0.2,0.8,3.6,ryanma01,1630346,Matt,Ryan,"Ryan, Matt",M. Ryan,matt-ryan,1997-04-17T00:00:00,Tennessee-Chattanooga,USA,Tennessee-Chattanooga/USA,6-6,215,5,,Forward,Inactive,Y,0,,,,,matt_ryan,2021,2024,Y,Y,Y,Undrafted,Undrafted,Undrafted,N
397,PJ Dozier,784654,SF,26,SAC,16,0,4.9,0.6,2.1,0.303,0.1,1.0,0.125,0.5,1.1,0.471,0.333,0.0,0.0,,0.1,0.8,0.9,0.6,0.4,0.1,0.3,0.4,1.4,doziepj01,1628408,PJ,Dozier,"Dozier, PJ",P. Dozier,pj-dozier,1996-10-25T00:00:00,South Carolina,USA,South Carolina/USA,6-6,205,6,,Guard-Forward,Inactive,Y,0,,,,,pj_dozier,2017,2024,Y,Y,Y,Undrafted,Undrafted,Undrafted,N
398,Cody Zeller,743922,C,30,MIA,15,2,14.5,2.5,3.9,0.627,0.0,0.1,0.0,2.5,3.8,0.649,0.627,1.6,2.3,0.686,1.7,2.6,4.3,0.7,0.2,0.3,0.9,2.2,6.5,zelleco01,203469,Cody,Zeller,"Zeller, Cody",C. Zeller,cody-zeller,1992-10-05T00:00:00,Indiana,USA,Indiana/USA,6-11,240,12,40,Forward-Center,Inactive,N,1610612740,Pelicans,NOP,pelicans,New Orleans,cody_zeller,2013,2023,N,Y,Y,2013,1,4,N
399,Meyers Leonard,713558,C,30,MIL,9,2,12.7,1.6,3.2,0.483,0.8,2.0,0.389,0.8,1.2,0.636,0.603,0.9,1.0,0.889,1.3,2.4,3.8,0.1,0.2,0.0,0.7,1.8,4.8,leoname01,203086,Meyers,Leonard,"Leonard, Meyers",M. Leonard,meyers-leonard,1992-02-27T00:00:00,Illinois,USA,Illinois/USA,7-0,260,11,3,Forward-Center,Inactive,N,1610612749,Bucks,MIL,bucks,Milwaukee,meyers_leonard,2012,2022,N,Y,Y,2012,1,11,N
400,Anthony Lamb,694878,SF,25,GSW,62,4,19.3,2.4,5.1,0.471,1.2,3.2,0.367,1.2,1.9,0.652,0.588,0.7,1.0,0.767,0.9,2.6,3.5,1.5,0.5,0.3,0.9,2.2,6.7,lamban01,1630237,Anthony,Lamb,"Lamb, Anthony",A. Lamb,anthony-lamb,1998-01-20T00:00:00,Vermont,USA,Vermont/USA,6-6,227,4,40,Forward,Inactive,N,1610612744,Warriors,GSW,warriors,Golden State,anthony_lamb,2020,2022,Y,Y,Y,Undrafted,Undrafted,Undrafted,N
401,Michael Carter-Williams,652829,PG,31,ORL,4,0,11.0,1.5,3.5,0.429,0.3,0.8,0.333,1.3,2.8,0.455,0.464,1.0,1.8,0.571,0.3,1.0,1.3,1.8,0.3,0.3,1.0,1.3,4.3,cartemi01,203487,Michael,Carter-Williams,"Carter-Williams, Michael",M. Carter-Williams,michael-carter-williams,1991-10-10T00:00:00,Syracuse,USA,Syracuse/USA,6-5,190,10,11,Guard,Inactive,N,1610612753,Magic,ORL,magic,Orlando,michael_carter-williams,2013,2022,Y,Y,Y,2013,1,11,N
402,Carlik Jones,612162,PG,25,CHI,7,0,8.0,0.9,2.1,0.4,0.4,0.9,0.5,0.4,1.3,0.333,0.5,0.7,1.1,0.625,0.1,0.6,0.7,0.9,0.3,0.0,0.3,0.3,2.9,jonesca03,1630637,Carlik,Jones,"Jones, Carlik",C. Jones,carlik-jones,1997-12-23T00:00:00,Louisville,USA,Louisville/USA,6-0,174,3,22,Guard,Inactive,N,1610612741,Bulls,CHI,bulls,Chicago,carlik_jones,2021,2022,Y,Y,Y,Undrafted,Undrafted,Undrafted,N
403,Trevor Keels,520589,SG,19,NYK,3,0,2.7,0.3,1.3,0.25,0.3,1.3,0.25,0.0,0.0,,0.375,0.0,0.0,,0.0,0.7,0.7,0.0,0.0,0.0,0.0,0.0,1.0,keelstr01,1631211,Trevor,Keels,"Keels, Trevor",T. Keels,trevor-keels,2003-08-26T00:00:00,Duke,USA,Duke/USA,6-3,215,1,3,Guard,Active,Y,1610612748,Heat,MIA,heat,Miami,trevor_keels,2022,2025,Y,Y,Y,2022,2,42,N
404,Dereon Seabron,511816,SG,22,NOP,5,0,2.4,0.4,1.0,0.4,0.0,0.0,,0.4,1.0,0.4,0.4,0.0,0.0,,0.2,0.0,0.2,0.0,0.0,0.0,0.0,0.2,0.8,seabrde01,1631220,Dereon,Seabron,"Seabron, Dereon",D. Seabron,dereon-seabron,2000-05-26T00:00:00,North Carolina State,USA,North Carolina State/USA,6-5,180,3,0,Guard,Inactive,Y,1610612740,Pelicans,NOP,pelicans,New Orleans,dereon_seabron,2022,2023,Y,Y,Y,Undrafted,Undrafted,Undrafted,N
405,Trent Forrest,508891,SG,24,ATL,23,3,12.0,1.1,2.6,0.417,0.0,0.1,0.0,1.1,2.5,0.431,0.417,0.1,0.1,0.667,0.2,1.4,1.6,1.7,0.3,0.1,0.7,0.7,2.3,forretr01,1630235,Trent,Forrest,"Forrest, Trent",T. Forrest,trent-forrest,1998-06-12T00:00:00,Florida State,USA,Florida State/USA,6-4,210,5,2,Guard,Inactive,N,1610612737,Hawks,ATL,hawks,Atlanta,trent_forrest,2020,2023,Y,Y,Y,Undrafted,Undrafted,Undrafted,N
406,Mfiondu Kabengele,508891,PF,25,BOS,4,0,9.0,0.5,1.8,0.286,0.0,0.8,0.0,0.5,1.0,0.5,0.286,0.5,0.5,1.0,1.3,1.3,2.5,0.0,0.5,0.0,0.3,0.8,1.5,kabenmf01,1629662,Mfiondu,Kabengele,"Kabengele, Mfiondu",M. Kabengele,mfiondu-kabengele,1997-08-14T00:00:00,Florida State,Canada,Florida State/Canada,6-10,250,4,28,Center,Inactive,N,1610612738,Celtics,BOS,celtics,Boston,mfiondu_kabengele,2019,2022,Y,Y,Y,2019,1,27,N
407,JD Davison,508891,SG,20,BOS,12,0,5.5,0.7,1.6,0.421,0.2,0.6,0.286,0.5,1.0,0.5,0.474,0.1,0.2,0.5,0.2,0.6,0.8,0.9,0.2,0.2,0.3,0.4,1.6,davisjd01,1631120,JD,Davison,"Davison, JD",J. Davison,jd-davison,2002-10-03T00:00:00,Alabama,USA,Alabama/USA,6-1,195,3,4,Guard,Active,Y,1610612745,Rockets,HOU,rockets,Houston,jd_davison,2022,2025,Y,Y,Y,2022,2,53,N
408,Malcolm Hill,508891,SF,27,CHI,5,0,1.8,0.4,0.8,0.5,0.2,0.6,0.333,0.2,0.2,1.0,0.625,0.0,0.0,,0.0,0.6,0.6,0.0,0.0,0.0,0.0,0.2,1.0,hillma01,1630792,Malcolm,Hill,"Hill, Malcolm",M. Hill,malcolm-hill,1995-10-26T00:00:00,Illinois,USA,Illinois/USA,6-6,220,3,33,Forward,Inactive,Y,1610612740,Pelicans,NOP,pelicans,New Orleans,malcolm_hill,2021,2023,Y,Y,Y,Undrafted,Undrafted,Undrafted,N
409,Mamadi Diakite,508891,C,26,CLE,22,2,8.0,1.1,2.3,0.48,0.3,1.0,0.333,0.8,1.3,0.586,0.55,0.1,0.1,1.0,0.4,1.0,1.4,0.4,0.2,0.4,0.5,1.2,2.6,diakima01,1629603,Mamadi,Diakite,"Diakite, Mamadi",M. Diakite,mamadi-diakite,1997-01-21T00:00:00,Virginia,Guinea,Virginia/Guinea,6-9,228,5,21,Forward,Inactive,Y,1610612752,Knicks,NYK,knicks,New York,mamadi_diakite,2020,2023,Y,Y,Y,Undrafted,Undrafted,Undrafted,N
410,Isaiah Mobley,508891,PF,23,CLE,12,0,7.0,1.0,2.3,0.429,0.3,0.7,0.375,0.8,1.7,0.45,0.482,0.3,0.3,1.0,0.3,1.3,1.7,0.3,0.3,0.3,0.1,0.7,2.6,mobleis01,1630600,Isaiah,Mobley,"Mobley, Isaiah",I. Mobley,isaiah-mobley,1999-09-24T00:00:00,USC,USA,Southern California/USA,6-8,238,2,,Forward,Inactive,Y,0,,,,,isaiah_mobley,2022,2024,Y,Y,Y,2022,2,49,N
411,Jack White,508891,SF,25,DEN,17,0,3.9,0.5,1.1,0.421,0.2,0.5,0.333,0.3,0.6,0.5,0.5,0.1,0.2,0.667,0.4,0.6,1.0,0.2,0.2,0.1,0.1,0.5,1.2,whiteja03,1631298,Jack,White,"White, Jack",J. White,jack-white,1997-08-05T00:00:00,Duke,Australia,Duke/Australia,6-6,225,2,,Forward,Inactive,N,0,,,,,jack_white,2022,2023,Y,Y,Y,Undrafted,Undrafted,Undrafted,N
412,Buddy Boeheim,508891,SF,23,DET,10,0,9.0,0.5,2.7,0.185,0.4,2.5,0.16,0.1,0.2,0.5,0.259,0.2,0.2,1.0,0.2,0.4,0.6,0.4,0.2,0.0,0.0,0.6,1.6,boehebu01,1631205,Buddy,Boeheim,"Boeheim, Buddy",B. Boeheim,buddy-boeheim,1999-11-11T00:00:00,Syracuse,USA,Syracuse/USA,6-5,205,2,,Forward,Inactive,Y,0,,,,,buddy_boheim,2022,2025,Y,Y,Y,Undrafted,Undrafted,Undrafted,N
413,Darius Days,508891,SF,23,HOU,4,0,6.3,1.3,3.0,0.417,0.8,2.5,0.3,0.5,0.5,1.0,0.542,0.5,0.5,1.0,0.3,1.3,1.5,0.3,0.0,0.3,0.0,0.5,3.8,daysda01,1630620,Darius,Days,"Days, Darius",D. Days,darius-days,1999-10-20T00:00:00,Winnipeg Sea Bears,USA,Louisiana State/USA,6-7,245,2,5,Forward,Inactive,N,1610612745,Rockets,HOU,rockets,Houston,darius_days,2022,2022,Y,Y,Y,Undrafted,Undrafted,Undrafted,N
414,Trevor Hudgins,508891,PG,23,HOU,5,0,5.6,0.4,1.8,0.222,0.4,1.6,0.25,0.0,0.2,0.0,0.333,0.6,0.6,1.0,0.0,0.0,0.0,0.6,0.0,0.0,0.2,0.2,1.8,hudgitr01,1631309,Trevor,Hudgins,"Hudgins, Trevor",T. Hudgins,trevor-hudgins,1999-03-23T00:00:00,Northwest Missouri St.,USA,Northwest Missouri State/USA,6-0,180,2,12,Guard,Inactive,N,1610612745,Rockets,HOU,rockets,Houston,trevor_hudgins,2022,2022,Y,Y,Y,Undrafted,Undrafted,Undrafted,N
415,Kendall Brown,508891,SG,19,IND,6,0,6.7,0.7,1.2,0.571,0.0,0.2,0.0,0.7,1.0,0.667,0.571,0.2,0.3,0.5,0.3,0.7,1.0,0.5,0.7,0.0,0.3,1.5,1.5,brownke03,1631112,Kendall,Brown,"Brown, Kendall",K. Brown,kendall-brown,2003-05-11T00:00:00,Baylor,USA,Baylor/USA,6-7,205,3,10,Guard,Inactive,Y,1610612754,Pacers,IND,pacers,Indiana,kendall_brown,2022,2023,Y,Y,Y,2022,2,48,N
416,Cole Swider,508891,SF,23,LAL,7,0,5.9,0.4,1.3,0.333,0.4,1.1,0.375,0.0,0.1,0.0,0.5,0.0,0.0,,0.1,0.9,1.0,0.6,0.0,0.0,0.0,0.4,1.3,swideco01,1631306,Cole,Swider,"Swider, Cole",C. Swider,cole-swider,1999-05-08T00:00:00,Syracuse,USA,Syracuse/USA,6-8,220,2,,Forward,Inactive,Y,0,,,,,cole_swider,2022,2024,Y,Y,Y,Undrafted,Undrafted,Undrafted,N
417,Jamal Cain,508891,PF,23,MIA,18,0,13.3,2.1,3.7,0.561,0.4,1.1,0.35,1.7,2.6,0.652,0.614,0.9,1.2,0.773,0.8,2.1,2.9,0.7,0.6,0.1,0.3,1.2,5.4,cainja01,1631288,Jamal,Cain,"Cain, Jamal",J. Cain,jamal-cain,1999-03-20T00:00:00,Oakland,USA,Oakland/USA,6-7,191,3,8,Forward,Active,Y,1610612753,Magic,ORL,magic,Orlando,jamal_cain,2022,2025,Y,Y,Y,Undrafted,Undrafted,Undrafted,N
418,Luka Garza,508891,C,24,MIN,28,0,8.7,2.3,4.1,0.543,0.5,1.4,0.359,1.8,2.8,0.636,0.603,1.5,1.9,0.788,1.2,1.1,2.3,0.6,0.1,0.1,0.5,1.5,6.5,garzalu01,1630568,Luka,Garza,"Garza, Luka",L. Garza,luka-garza,1998-12-27T00:00:00,Iowa,USA,Iowa/USA,6-10,243,4,52,Center,Active,Y,1610612738,Celtics,BOS,celtics,Boston,luka_garza,2021,2025,Y,Y,Y,2021,2,52,N
419,Kevon Harris,508891,SG,25,ORL,34,0,13.4,1.4,3.1,0.439,0.5,1.3,0.372,0.9,1.9,0.484,0.514,0.9,1.2,0.756,0.8,1.2,2.1,0.5,0.5,0.1,0.6,1.6,4.1,harrike01,1630284,Kevon,Harris,"Harris, Kevon",K. Harris,kevon-harris,1997-06-24T00:00:00,Stephen F. Austin,USA,Stephen F. Austin/USA,6-5,216,3,8,Guard,Inactive,Y,1610612753,Magic,ORL,magic,Orlando,kevon_harris,2022,2023,Y,Y,Y,Undrafted,Undrafted,Undrafted,N
420,Keon Ellis,508891,SG,23,SAC,16,0,4.4,0.4,1.0,0.438,0.4,0.8,0.5,0.1,0.3,0.25,0.625,0.3,0.4,0.571,0.3,0.3,0.5,0.4,0.3,0.1,0.1,0.6,1.5,elliske01,1631165,Keon,Ellis,"Ellis, Keon",K. Ellis,keon-ellis,2000-01-08T00:00:00,Alabama,USA,Alabama/USA,6-4,175,3,14,Guard,Active,Y,1610612739,Cavaliers,CLE,cavaliers,Cleveland,keon_ellis,2022,2025,Y,Y,Y,Undrafted,Undrafted,Undrafted,N
421,Neemias Queta,508891,C,23,SAC,5,0,5.8,1.2,1.8,0.667,0.0,0.0,,1.2,1.8,0.667,0.667,0.0,0.4,0.0,1.0,1.2,2.2,0.2,0.0,0.4,0.2,1.4,2.4,quetane01,1629674,Neemias,Queta,"Queta, Neemias",N. Queta,neemias-queta,1999-07-13T00:00:00,Utah State,Portugal,Utah State/Portugal,7-0,248,4,88,Center,Active,Y,1610612738,Celtics,BOS,celtics,Boston,neemias_queta,2021,2025,Y,Y,Y,2021,2,39,N
422,Dominick Barlow,508891,PF,19,SAS,28,0,14.6,1.6,3.1,0.535,0.0,0.1,0.0,1.6,2.9,0.561,0.535,0.6,0.9,0.72,1.6,2.0,3.6,0.9,0.4,0.7,0.5,2.0,3.9,barlodo01,1631230,Dominick,Barlow,"Barlow, Dominick",D. Barlow,dominick-barlow,2003-05-26T00:00:00,Overtime Elite,USA,Overtime Elite/USA,6-9,224,3,25,Forward,Active,Y,1610612755,76ers,PHI,sixers,Philadelphia,dominick_barlow,2022,2025,Y,Y,Y,Undrafted,Undrafted,Undrafted,N
423,Julian Champagnie,508891,SF,21,SAS/PHI,17,3,18.8,3.5,7.6,0.454,1.9,4.8,0.402,1.5,2.8,0.542,0.581,0.8,1.0,0.824,0.6,2.9,3.5,0.6,0.4,0.3,0.6,1.5,9.7,champju02,1630577,Julian,Champagnie,"Champagnie, Julian",J. Champagnie,julian-champagnie,2001-06-29T00:00:00,St. John's,USA,St. John's/USA,6-7,217,3,30,Forward,Active,Y,1610612759,Spurs,SAS,spurs,San Antonio,julian_champagnie,2022,2025,Y,Y,Y,Undrafted,Undrafted,Undrafted,N
425,Micah Potter,508891,PF,24,UTA,7,0,7.4,1.4,2.1,0.667,0.6,1.0,0.571,0.9,1.1,0.75,0.8,0.0,0.0,,0.4,1.9,2.3,0.6,0.1,0.0,0.3,0.7,3.4,pottemi01,1630695,Micah,Potter,"Potter, Micah",M. Potter,micah-potter,1998-04-06T00:00:00,Wisconsin,USA,Wisconsin/USA,6-9,248,4,11,Center,Active,Y,1610612754,Pacers,IND,pacers,Indiana,micah_potter,2021,2025,Y,Y,Y,Undrafted,Undrafted,Undrafted,N
426,Johnny Juzang,508891,SG,21,UTA,18,0,12.9,1.9,5.8,0.337,0.8,3.5,0.238,1.1,2.3,0.488,0.409,0.1,0.2,0.5,0.4,1.7,2.2,0.4,0.2,0.2,0.2,0.7,4.8,juzanjo01,1630548,Johnny,Juzang,"Juzang, Johnny",J. Juzang,johnny-juzang,2001-03-17T00:00:00,UCLA,USA,UCLA/USA,6-7,226,3,,Guard,Inactive,Y,0,,,,,johnny_juzang,2022,2025,Y,Y,Y,Undrafted,Undrafted,Undrafted,N
428,Chima Moneke,500000,SF,27,SAC,2,0,4.0,0.5,1.0,0.5,0.0,0.0,,0.5,1.0,0.5,0.5,0.0,1.0,0.0,1.0,0.0,1.0,0.5,0.0,0.0,1.0,1.0,1.0,monekch01,1631320,Chima,Moneke,"Moneke, Chima",C. Moneke,chima-moneke,1995-12-24T00:00:00,Cal-Davis,Nigeria,California-Davis/Nigeria,6-5,223,1,,Forward,Inactive,N,0,,,,,tmp_chima_moneke,2022,2022,Y,Y,Y,Undrafted,Undrafted,Undrafted,N
429,Facundo Campazzo,464299,PG,31,DAL,8,0,6.5,0.4,1.6,0.231,0.4,1.4,0.273,0.0,0.3,0.0,0.346,0.1,0.3,0.5,0.0,0.3,0.3,1.1,0.8,0.0,0.4,0.4,1.3,campafa01,1630267,Facundo,Campazzo,"Campazzo, Facundo",F. Campazzo,facundo-campazzo,1991-03-23T00:00:00,Murcia,Argentina,Murcia/Argentina,5-10,195,3,,Guard,Inactive,N,0,,,,,facundo_campazzo,2020,2022,N,Y,Y,Undrafted,Undrafted,Undrafted,N
430,Orlando Robinson,386055,C,22,MIA,31,1,13.7,1.5,2.9,0.528,0.0,0.2,0.0,1.5,2.7,0.566,0.528,0.7,1.0,0.71,1.5,2.5,4.1,0.8,0.4,0.4,0.5,1.7,3.7,robinor01,1631115,Orlando,Robinson,"Robinson, Orlando",O. Robinson,orlando-robinson,2000-07-10T00:00:00,Fresno State,USA,Fresno State/USA,6-10,235,3,,Center,Inactive,Y,0,,,,,orlando_robinson,2022,2025,Y,Y,Y,Undrafted,Undrafted,Undrafted,N
431,Dru Smith,374357,SG,25,BRK/MIA,15,1,10.5,1.2,3.0,0.4,0.3,1.3,0.263,0.9,1.7,0.5,0.456,0.2,0.2,1.0,0.1,1.5,1.6,1.5,0.7,0.3,0.2,1.5,2.9,smithdr01,1630696,Dru,Smith,"Smith, Dru",D. Smith,dru-smith,1997-12-30T00:00:00,Missouri,USA,Missouri/USA,6-2,203,3,12,Guard,Active,Y,1610612748,Heat,MIA,heat,Miami,dru_smith,2022,2025,Y,Y,Y,Undrafted,Undrafted,Undrafted,N
432,Jared Rhoden,307089,SG,23,DET,14,0,14.1,1.2,3.1,0.386,0.4,1.4,0.25,0.9,1.7,0.5,0.443,0.4,0.4,1.0,0.8,1.9,2.6,0.3,0.3,0.1,0.2,1.6,3.2,rhodeja01,1631197,Jared,Rhoden,"Rhoden, Jared",J. Rhoden,jared-rhoden,1999-08-27T00:00:00,Seton Hall,USA,Seton Hall/USA,6-5,210,4,8,Guard,Inactive,Y,1610612761,Raptors,TOR,raptors,Toronto,jared_rhoden,2022,2024,Y,Y,Y,Undrafted,Undrafted,Undrafted,N
433,Louis King,307089,PF,23,PHI,1,0,29.0,8.0,13.0,0.615,4.0,8.0,0.5,4.0,5.0,0.8,0.769,0.0,1.0,0.0,2.0,2.0,4.0,2.0,1.0,0.0,2.0,4.0,20.0,kinglo02,1629663,Louis,King,"King, Louis",L. King,louis-king,1999-04-06T00:00:00,Oregon,USA,Oregon/USA,6-7,205,5,23,Forward,Inactive,N,1610612755,76ers,PHI,sixers,Philadelphia,louis_king,2019,2022,Y,Y,Y,Undrafted,Undrafted,Undrafted,N
434,Jarrett Culver,260295,SF,23,ATL,10,1,13.7,1.7,4.3,0.395,0.1,1.2,0.083,1.6,3.1,0.516,0.407,0.9,1.3,0.692,1.0,2.8,3.8,0.6,0.6,0.2,0.7,1.4,4.4,culveja01,1629633,Jarrett,Culver,"Culver, Jarrett",J. Culver,jarrett-culver,1999-02-20T00:00:00,Texas Tech,USA,Texas Tech/USA,6-6,195,5,,Guard-Forward,Inactive,Y,0,,,,,jarrett_culver,2019,2022,Y,Y,Y,2019,1,6,N
435,Olivier Sarr,257371,C,23,OKC,9,1,12.7,1.7,3.3,0.5,0.1,0.9,0.125,1.6,2.4,0.636,0.517,0.6,0.8,0.714,1.3,2.1,3.4,0.4,0.1,0.6,0.4,1.9,4.0,sarrol01,1630846,Olivier,Sarr,"Sarr, Olivier",O. Sarr,olivier-sarr,1999-02-20T00:00:00,Kentucky,France,Kentucky/France,6-10,240,3,33,Center,Active,Y,1610612739,Cavaliers,CLE,cavaliers,Cleveland,olivier_sarr,2021,2025,Y,Y,Y,Undrafted,Undrafted,Undrafted,N
436,Alondes Williams,254446,SG,23,BRK,1,0,5.0,0.0,0.0,,0.0,0.0,,0.0,0.0,,,0.0,0.0,,0.0,1.0,1.0,0.0,0.0,0.0,2.0,1.0,0.0,willial06,1631214,Alondes,Williams,"Williams, Alondes",A. Williams,alondes-williams,1999-06-19T00:00:00,Wake Forest,USA,Wake Forest/USA,6-4,210,3,,Guard,Inactive,Y,0,,,,,alondes_williams,2022,2025,Y,Y,Y,Undrafted,Undrafted,Undrafted,N
437,Donovan Williams,239822,SG,21,ATL,2,0,2.0,1.0,2.5,0.4,0.0,1.0,0.0,1.0,1.5,0.667,0.4,0.0,0.0,,0.0,1.0,1.0,0.0,0.0,0.0,0.0,0.0,2.0,willido02,1631495,Donovan,Williams,"Williams, Donovan",D. Williams,donovan-williams,2001-09-06T00:00:00,UNLV,USA,UNLV/USA,6-6,190,2,,Guard,Inactive,N,1610612737,Hawks,ATL,hawks,Atlanta,donovan_williams,2022,2022,Y,Y,Y,Undrafted,Undrafted,Undrafted,N
438,Quenton Jackson,219630,PG,24,WAS,9,0,15.0,2.1,4.7,0.452,0.1,1.3,0.083,2.0,3.3,0.6,0.464,1.9,2.4,0.773,0.2,0.7,0.9,1.7,0.4,0.1,0.4,1.1,6.2,jacksqu01,1631245,Quenton,Jackson,"Jackson, Quenton",Q. Jackson,quenton-jackson,1998-09-15T00:00:00,Texas A&M,USA,Texas A&M/USA,6-4,173,3,29,Guard,Active,Y,1610612754,Pacers,IND,pacers,Indiana,quenton_jackson,2022,2025,Y,Y,Y,Undrafted,Undrafted,Undrafted,N
439,Chris Silva,211045,PF,26,DAL,1,0,3.0,1.0,1.0,1.0,0.0,0.0,,1.0,1.0,1.0,1.0,0.0,0.0,,0.0,0.0,0.0,0.0,0.0,0.0,1.0,2.0,2.0,silvach01,1629735,Chris,Silva,"Silva, Chris",C. Silva,chris-silva,1996-09-19T00:00:00,South Carolina,Gabon,South Carolina/Gabon,6-8,234,5,,Forward,Inactive,N,0,,,,,chris_silva,2019,2022,Y,Y,Y,Undrafted,Undrafted,Undrafted,N
440,Tyler Dorsey,201802,SF,26,DAL,3,0,2.7,1.3,1.7,0.8,0.3,0.7,0.5,1.0,1.0,1.0,0.9,0.0,0.0,,0.3,0.3,0.7,0.0,0.0,0.0,0.0,0.0,3.0,dorsety01,1628416,Tyler,Dorsey,"Dorsey, Tyler",T. Dorsey,tyler-dorsey,1996-02-18T00:00:00,Oregon,USA,Oregon/USA,6-4,180,3,,Guard,Inactive,N,0,,,,,tyler_dorsey,2017,2022,Y,Y,Y,2017,2,41,N
441,Braxton Key,201802,SF,25,DET,3,0,3.0,0.3,0.3,1.0,0.0,0.0,,0.3,0.3,1.0,1.0,0.7,0.7,1.0,0.0,0.3,0.3,0.0,0.0,0.0,0.0,0.0,1.3,keybr01,1630296,Braxton,Key,"Key, Braxton",B. Key,braxton-key,1997-02-14T00:00:00,Virginia,USA,Virginia/USA,6-8,225,5,12,Forward,Inactive,Y,1610612744,Warriors,GSW,warriors,Golden State,braxton_key,2021,2024,Y,Y,Y,Undrafted,Undrafted,Undrafted,N
442,Jordan Hall,193027,SF,21,SAS,9,0,9.2,1.0,3.1,0.321,0.3,1.7,0.2,0.7,1.4,0.462,0.375,0.8,1.0,0.778,0.3,1.0,1.3,1.2,0.1,0.0,0.8,0.7,3.1,halljo02,1631160,Jordan,Hall,"Hall, Jordan",J. Hall,jordan-hall,2002-01-14T00:00:00,St. Joseph's (PA),USA,St. Joseph's (PA)/USA,6-7,215,2,,Guard,Inactive,N,0,,,,,jordan_hall,2022,2022,Y,Y,Y,Undrafted,Undrafted,Undrafted,N
443,Alize Johnson,192293,PF,26,SAS,4,0,7.5,0.8,1.5,0.5,0.0,0.5,0.0,0.8,1.0,0.75,0.5,0.3,0.5,0.5,0.5,2.0,2.5,0.3,0.3,0.0,1.0,0.8,1.8,johnsal02,1628993,Alize,Johnson,"Johnson, Alize",A. Johnson,alize-johnson,1996-04-22T00:00:00,Missouri State,USA,Missouri State/USA,6-8,212,6,,Forward,Inactive,Y,0,,,,,alize_johnson,2018,2022,Y,Y,Y,2018,2,50,N
444,Devon Dotson,169630,PG,23,WAS,6,0,8.8,0.2,1.7,0.1,0.2,0.7,0.25,0.0,1.0,0.0,0.15,0.0,0.0,,1.0,0.7,1.7,1.3,0.8,0.0,0.5,1.5,0.5,dotsode01,1629653,Devon,Dotson,"Dotson, Devon",D. Dotson,devon-dotson,1999-08-02T00:00:00,Kansas,USA,Kansas/USA,6-1,185,4,,Guard,Inactive,N,0,,,,,devon_dotson,2020,2022,Y,Y,Y,Undrafted,Undrafted,Undrafted,N
445,Mac McClung,160856,SG,24,PHI,2,0,20.5,4.5,10.0,0.45,2.0,5.5,0.364,2.5,4.5,0.556,0.55,1.5,2.5,0.6,1.5,3.5,5.0,4.5,0.0,0.0,1.5,1.5,12.5,mccluma01,1630644,Mac,McClung,"McClung, Mac",M. McClung,mac-mcclung,1999-01-06T00:00:00,Texas Tech,USA,Texas Tech/USA,6-2,185,3,5,Guard,Active,Y,1610612741,Bulls,CHI,bulls,Chicago,mac_mcclung,2021,2025,Y,Y,Y,Undrafted,Undrafted,Undrafted,N
446,Xavier Cooks,140384,PF,27,WAS,10,1,12.6,1.7,2.8,0.607,0.0,0.1,0.0,1.7,2.7,0.63,0.607,0.4,1.0,0.4,1.6,2.2,3.8,0.6,0.6,0.4,0.8,1.3,3.8,cooksxa01,1641645,Xavier,Cooks,"Cooks, Xavier",X. Cooks,xavier-cooks,1995-08-19T00:00:00,Winthrop,Australia,Winthrop/Australia,6-8,183,2,12,Forward,Inactive,N,1610612764,Wizards,WAS,wizards,Washington,xavier_cooks,2022,2022,N,Y,Y,Undrafted,Undrafted,Undrafted,N
447,Shaquille Harrison,134862,SG,29,POR,5,0,24.0,3.0,7.2,0.417,0.6,2.0,0.3,2.4,5.2,0.462,0.458,2.2,3.0,0.733,0.2,4.2,4.4,6.0,2.2,0.4,1.2,2.4,8.8,harrish01,1627885,Shaquille,Harrison,"Harrison, Shaquille",S. Harrison,shaquille-harrison,1993-10-06T00:00:00,Tulsa,USA,Tulsa/USA,6-4,195,7,,Guard,Inactive,N,0,,,,,shaquille_harrison,2017,2023,Y,Y,Y,Undrafted,Undrafted,Undrafted,N
448,Lester Quinones,129405,SG,22,GSW,4,0,4.5,0.5,1.3,0.4,0.5,1.0,0.5,0.0,0.3,0.0,0.6,1.0,1.5,0.667,0.3,0.5,0.8,0.5,0.3,0.0,1.3,0.0,2.5,quinole01,1631311,Lester,Quinones,"Quinones, Lester",L. Quinones,lester-quinones,2000-11-16T00:00:00,Memphis,USA,Memphis/USA,6-4,208,4,22,Guard,Inactive,Y,1610612740,Pelicans,NOP,pelicans,New Orleans,lester_quinones,2022,2024,Y,Y,Y,Undrafted,Undrafted,Undrafted,N
449,Xavier Moon,116986,SG,28,LAC,4,0,5.0,0.8,2.3,0.333,0.3,0.8,0.333,0.5,1.5,0.333,0.389,0.0,0.0,,0.0,0.8,0.8,1.3,0.0,0.0,0.3,0.5,1.8,moonxa01,1629875,Xavier,Moon,"Moon, Xavier",X. Moon,xavier-moon,1995-01-02T00:00:00,Morehead State,USA,Morehead State/USA,6-0,165,4,22,Guard,Inactive,N,1610612746,Clippers,LAC,clippers,LA,xavier_moon,2021,2023,Y,Y,Y,Undrafted,Undrafted,Undrafted,N
450,Jamaree Bouyea,116986,PG,23,MIA/WAS,5,0,14.2,1.2,2.8,0.429,0.4,1.2,0.333,0.8,1.6,0.5,0.5,0.2,0.4,0.5,0.2,1.0,1.2,0.8,0.8,0.4,0.8,1.2,3.0,bouyeja01,1631123,Jamaree,Bouyea,"Bouyea, Jamaree",J. Bouyea,jamaree-bouyea,1999-06-27T00:00:00,San Francisco,USA,San Francisco/USA,6-2,180,3,17,Guard,Active,Y,1610612756,Suns,PHX,suns,Phoenix,jamaree_bouyea,2022,2025,Y,Y,Y,Undrafted,Undrafted,Undrafted,N
451,Jay Huff,116986,C,24,WAS,7,0,13.6,2.1,3.6,0.6,0.9,1.7,0.5,1.3,1.9,0.692,0.72,2.1,2.3,0.938,0.9,2.1,3.0,1.4,0.4,0.6,0.7,2.1,7.3,huffja01,1630643,Jay,Huff,"Huff, Jay",J. Huff,jay-huff,1997-08-25T00:00:00,Virginia,USA,Virginia/USA,7-1,240,4,32,Center,Active,Y,1610612754,Pacers,IND,pacers,Indiana,jay_huff,2021,2025,Y,Y,Y,Undrafted,Undrafted,Undrafted,N
452,Skylar Mays,116574,PG,25,POR,6,6,31.5,5.7,11.3,0.5,2.0,4.3,0.462,3.7,7.0,0.524,0.588,2.0,2.2,0.923,0.3,2.8,3.2,8.3,1.0,0.2,1.7,1.8,15.3,mayssk01,1630219,Skylar,Mays,"Mays, Skylar",S. Mays,skylar-mays,1997-09-05T00:00:00,Louisiana State,USA,Louisiana State/USA,6-3,205,5,4,Guard,Inactive,N,1610612747,Lakers,LAL,lakers,Los Angeles,skylar_mays,2020,2023,Y,Y,Y,2020,2,50,N
453,Frank Jackson,113114,PG,24,UTA,1,0,5.0,0.0,3.0,0.0,0.0,1.0,0.0,0.0,2.0,0.0,0.0,0.0,0.0,,1.0,1.0,2.0,1.0,0.0,0.0,0.0,0.0,0.0,jacksfr01,1628402,Frank,Jackson,"Jackson, Frank",F. Jackson,frank-jackson,1998-05-04T00:00:00,Duke,USA,Duke/USA,6-3,205,5,,Guard,Inactive,N,0,,,,,frank_jackson,2017,2022,Y,Y,Y,2017,2,31,N
454,Deonte Burton,105522,PF,29,SAC,2,0,3.0,0.0,1.0,0.0,0.0,0.5,0.0,0.0,0.5,0.0,0.0,0.0,0.0,,0.0,0.0,0.0,0.0,0.0,0.0,0.0,0.0,0.0,burtode02,1629126,Deonte,Burton,"Burton, Deonte",D. Burton,deonte-burton,1994-01-31T00:00:00,Iowa State,USA,Iowa State/USA,6-4,240,4,,Guard-Forward,Inactive,N,0,,,,,deonte_burton,2018,2022,Y,Y,Y,Undrafted,Undrafted,Undrafted,N
455,Jarrell Brantley,105522,PF,26,UTA,4,0,9.8,2.0,3.5,0.571,1.0,2.3,0.444,1.0,1.3,0.8,0.714,0.5,0.5,1.0,0.3,1.3,1.5,0.8,0.0,0.5,0.5,0.8,5.5,brantja01,1629714,Jarrell,Brantley,"Brantley, Jarrell",J. Brantley,jarrell-brantley,1996-06-07T00:00:00,College of Charleston,USA,College of Charleston/USA,6-5,250,3,,Forward,Inactive,N,0,,,,,jarrell_brantley,2019,2022,Y,Y,Y,2019,2,50,N
456,Xavier Sneed,102910,SF,25,CHO,4,0,12.0,1.3,2.5,0.5,0.8,1.5,0.5,0.5,1.0,0.5,0.65,1.0,1.0,1.0,0.0,1.3,1.3,1.3,0.0,0.3,0.8,1.8,4.3,sneedxa01,1630270,Xavier,Sneed,"Sneed, Xavier",X. Sneed,xavier-sneed,1997-12-21T00:00:00,Kansas State,USA,Kansas State/USA,6-5,215,3,19,Forward,Inactive,N,1610612766,Hornets,CHA,hornets,Charlotte,xavier_sneed,2021,2022,Y,Y,Y,Undrafted,Undrafted,Undrafted,N
457,Lindell Wigginton,99438,PG,24,MIL,7,1,12.4,2.6,5.3,0.486,0.9,2.6,0.333,1.7,2.7,0.632,0.568,1.1,1.3,0.889,0.0,1.0,1.0,2.0,0.0,0.3,1.7,1.0,7.1,wiggili01,1629623,Lindell,Wigginton,"Wigginton, Lindell",L. Wigginton,lindell-wigginton,1998-03-28T00:00:00,Iowa State,Canada,Iowa State/Canada,6-1,189,3,,Guard,Inactive,N,0,,,,,lindell_wigginton,2021,2023,Y,Y,Y,2019,,,N
458,Jordan Schakel,96514,SF,24,WAS,2,0,3.0,0.5,1.0,0.5,0.5,0.5,1.0,0.0,0.5,0.0,0.75,0.0,0.0,,0.0,0.0,0.0,0.5,0.5,0.0,0.0,0.5,1.5,schakjo01,1630648,Jordan,Schakel,"Schakel, Jordan",J. Schakel,jordan-schakel,1998-06-13T00:00:00,San Diego State,USA,San Diego State/USA,6-6,200,3,,Guard,Inactive,N,0,,,,,jordan_schakel,2021,2022,Y,Y,Y,Undrafted,Undrafted,Undrafted,N
459,Stanley Umude,58493,SG,23,DET,1,0,2.0,0.0,1.0,0.0,0.0,1.0,0.0,0.0,0.0,,0.0,2.0,2.0,1.0,0.0,0.0,0.0,0.0,1.0,1.0,0.0,0.0,2.0,umudest01,1630649,Stanley,Umude,"Umude, Stanley",S. Umude,stanley-umude,1999-04-12T00:00:00,Arkansas,USA,Arkansas/USA,6-6,210,3,,Guard,Inactive,Y,0,,,,,stanley_umude,2022,2025,Y,Y,Y,Undrafted,Undrafted,Undrafted,N
461,Jay Scrubb,49719,SG,22,ORL,2,0,15.0,2.5,3.5,0.714,1.0,1.0,1.0,1.5,2.5,0.6,0.857,0.5,1.0,0.5,0.0,3.0,3.0,0.5,1.0,0.0,1.5,1.0,6.5,scrubja01,1630206,Jay,Scrubb,"Scrubb, Jay",J. Scrubb,jay-scrubb,2000-09-01T00:00:00,John A. Logan,USA,John A. Logan/USA,6-5,220,4,,Guard,Inactive,N,0,,,,,jay_scrubb,2020,2022,Y,Y,Y,2020,2,55,N
462,Justin Minaya,35096,SF,23,POR,4,0,22.3,1.8,5.8,0.304,0.8,3.0,0.25,1.0,2.8,0.364,0.37,0.0,0.3,0.0,0.8,3.0,3.8,1.0,0.5,1.3,1.0,2.3,4.3,minayju01,1631303,Justin,Minaya,"Minaya, Justin",J. Minaya,justin-minaya,1999-03-26T00:00:00,Providence,USA,Providence/USA,6-5,205,4,10,Forward,Inactive,N,1610612757,Trail Blazers,POR,blazers,Portland,justin_minaya,2022,2024,Y,Y,Y,Undrafted,Undrafted,Undrafted,N
463,Kobi Simmons,32795,SG,25,CHO,5,0,5.6,0.2,1.2,0.167,0.2,1.0,0.2,0.0,0.2,0.0,0.25,0.4,0.4,1.0,0.2,0.6,0.8,1.0,0.0,0.4,0.2,0.0,1.0,simmoko01,1628424,Kobi,Simmons,"Simmons, Kobi",K. Simmons,kobi-simmons,1997-07-04T00:00:00,Arizona,USA,Arizona/USA,6-5,180,4,,Guard,Inactive,N,0,,,,,kobi_simmons,2017,2023,Y,Y,Y,Undrafted,Undrafted,Undrafted,N
464,Gabe York,32171,SG,29,IND,3,0,18.7,2.7,7.0,0.381,2.0,6.0,0.333,0.7,1.0,0.667,0.524,0.7,0.7,1.0,0.0,2.0,2.0,1.7,0.7,0.0,0.0,1.7,8.0,yorkga01,1628221,Gabe,York,"York, Gabe",G. York,gabe-york,1993-08-02T00:00:00,Arizona,USA,Arizona/USA,6-3,190,3,32,Guard,Inactive,N,1610612754,Pacers,IND,pacers,Indiana,gabe_york,2021,2022,Y,Y,Y,Undrafted,Undrafted,Undrafted,N
465,RaiQuan Gray,5849,PF,23,BRK,1,0,35.0,6.0,12.0,0.5,2.0,5.0,0.4,4.0,7.0,0.571,0.583,2.0,2.0,1.0,3.0,6.0,9.0,7.0,0.0,1.0,4.0,5.0,16.0,grayra01,1630564,RaiQuan,Gray,"Gray, RaiQuan",R. Gray,raiquan-gray,1999-07-07T00:00:00,Florida State,USA,Florida State/USA,6-7,269,3,0,Forward,Inactive,N,1610612759,Spurs,SAS,spurs,San Antonio,raiquan_gray,2022,2023,Y,Y,Y,2021,2,59,N
466,Jacob Gilyard,5849,PG,24,MEM,1,0,41.0,1.0,3.0,0.333,1.0,3.0,0.333,0.0,0.0,,0.5,0.0,0.0,,0.0,4.0,4.0,7.0,3.0,0.0,2.0,3.0,3.0,gilyaja01,1631367,Jacob,Gilyard,"Gilyard, Jacob",J. Gilyard,jacob-gilyard,1998-07-14T00:00:00,Richmond,USA,Richmond/USA,5-8,160,3,14,Guard,Inactive,Y,1610612751,Nets,BKN,nets,Brooklyn,jacob_gilyard,2022,2023,Y,Y,Y,Undrafted,Undrafted,Undrafted,N
